dataset,model,seed,epoch,train_loss,val_loss,velocity_raw,velocity_smooth,velocity_norm,param_movement_raw,param_movement_smooth,param_movement_norm,val_improvement_raw,val_improvement_smooth,val_improvement_norm,criteria_met,is_boundary
ETTh1,DLinear,7,2,0.37722475,0.6909909,0.05827724,0.02585151,1.87231929,0.47830511,0.33230981,1.35358148,0.03892044,0.01927936,1.80694755,False,False
ETTh1,DLinear,7,3,0.36398151,0.67491634,0.01324324,0.01984774,1.4374906,0.30562236,0.29085103,1.18470942,0.01607456,0.01470521,1.37823755,False,False
ETTh1,DLinear,7,4,0.35794745,0.67207324,0.00603406,0.01628351,1.17934825,0.21300197,0.2615247,1.06525592,0.0028431,0.01265806,1.18636953,False,False
ETTh1,DLinear,7,5,0.35611103,0.67109049,0.00183642,0.00479208,0.34707062,0.16647467,0.19074756,0.77696281,0.00098275,0.00496008,0.46488056,False,False
ETTh1,DLinear,7,6,0.35408442,0.66662103,0.00202661,0.00226122,0.16377125,0.14421941,0.15208743,0.61949038,0.00446946,0.00174517,0.16356482,False,False
ETTh1,DLinear,7,7,0.35326436,0.6661905,0.00082006,0.00105441,0.07636677,0.1244194,0.13007133,0.52981326,0.00043053,0.00117655,0.11027125,False,False
ETTh1,DLinear,7,8,0.35267539,0.66653959,0.00058897,0.00136899,0.09915058,0.11232172,0.1177581,0.47965835,0.0,0.0030706,0.28778984,False,False
ETTh1,DLinear,7,9,0.35382211,0.66691285,0.0,0.00096367,0.06979481,0.10292146,0.10680377,0.43503861,0.0,0.0021767,0.20401035,False,False
ETTh1,DLinear,7,10,0.35041278,0.65645986,0.00340933,0.00098249,0.07115761,0.1049085,0.09881757,0.40250883,0.01045299,0.00210877,0.19764306,False,False
ETTh1,DLinear,7,11,0.3513488,0.66002708,0.0,0.00104409,0.07561882,0.08944776,0.09256688,0.37704818,0.0,0.00241148,0.22601447,False,False
ETTh1,DLinear,7,12,0.35043466,0.65993623,0.00091415,0.00104409,0.07561882,0.08448842,0.08727234,0.35548219,9.085e-05,0.00241148,0.22601447,False,False
ETTh1,DLinear,7,13,0.3495377,0.65842268,0.00089695,0.00069973,0.0506787,0.08106826,0.08076516,0.32897681,0.00151355,0.00074415,0.06974528,False,False
ETTh1,DLinear,7,14,0.34989415,0.66258632,0.0,0.00069973,0.0506787,0.07644876,0.07777846,0.31681123,0.0,0.0024039,0.22530407,False,False
ETTh1,DLinear,7,15,0.34820659,0.66046996,0.00168756,0.0005169,0.03743713,0.07237259,0.07479348,0.30465266,0.00211636,0.00238573,0.22360111,False,False
ETTh1,DLinear,7,16,0.3488449,0.65217123,0.0,0.00069892,0.05061966,0.07451427,0.07106752,0.2894759,0.00829873,0.00229238,0.2148524,False,False
ETTh1,DLinear,7,17,0.34912362,0.65845617,0.0,0.00076832,0.05564617,0.06956353,0.06714979,0.27351797,0.0,0.00229238,0.2148524,False,False
ETTh1,DLinear,7,18,0.3473166,0.65740934,0.00180702,0.00043081,0.03120158,0.06243847,0.06372811,0.25958064,0.00104683,0.00254802,0.23881148,False,False
ETTh1,DLinear,7,19,0.34696959,0.66041287,0.00034701,0.00130448,0.09447847,0.05686008,0.06118127,0.24920671,0.0,0.00088827,0.08325269,False,False
ETTh1,DLinear,7,20,0.35123809,0.65701834,0.0,0.00130448,0.09447847,0.05526423,0.05767045,0.23490624,0.00339452,0.00156634,0.14680389,False,False
ETTh1,DLinear,7,21,0.34686971,0.6591592,0.00436839,0.00098244,0.07115428,0.06178006,0.05636484,0.22958815,0.0,0.00147981,0.13869402,False,False
ETTh1,DLinear,7,22,0.34895225,0.65576888,0.0,0.00091304,0.06612776,0.0520094,0.05545115,0.2258665,0.00339032,0.00147981,0.13869402,False,False
ETTh1,DLinear,7,23,0.34875544,0.65515469,0.00019681,0.00150202,0.10878528,0.05591041,0.05488512,0.2235609,0.00061418,0.00109014,0.10217291,False,False
ETTh1,DLinear,7,24,0.34997641,0.65898875,0.0,0.00062834,0.04550839,0.05229167,0.05212745,0.2123282,0.0,0.00109014,0.10217291,False,False
ETTh1,DLinear,7,25,0.3470315,0.65754255,0.00294491,0.00062834,0.04550839,0.05243406,0.05164802,0.21037536,0.0014462,0.0006279,0.05884922,False,False
ETTh1,DLinear,7,26,0.34726412,0.66092535,0.0,0.00154096,0.11160551,0.04799169,0.05210912,0.21225356,0.0,0.00109497,0.1026256,False,False
ETTh1,DLinear,7,27,0.35109798,0.65984626,0.0,0.00160076,0.11593652,0.04961224,0.05045057,0.20549787,0.00107909,0.00109497,0.1026256,False,False
ETTh1,DLinear,7,28,0.34633808,0.6568967,0.0047599,0.00101178,0.07327901,0.05821593,0.04859134,0.19792475,0.00294956,0.00091521,0.08577723,False,False
ETTh1,DLinear,7,29,0.34603908,0.65832061,0.000299,0.00101178,0.07327901,0.04399893,0.04701829,0.19151734,0.0,0.00095418,0.08943001,False,False
ETTh1,DLinear,7,30,0.3460518,0.65777323,0.0,0.00185895,0.13463609,0.04313789,0.04566164,0.18599135,0.00054738,0.00075201,0.07048137,False,False
ETTh1,DLinear,7,31,0.35146333,0.65757836,0.0,0.0012157,0.08804853,0.04012647,0.04328756,0.17632111,0.00019487,0.00016209,0.01519216,False,False
ETTh1,DLinear,7,32,0.34722748,0.65751014,0.00423585,0.00115591,0.08371751,0.04282898,0.04267925,0.17384331,6.822e-05,0.00100729,0.09440794,False,False
ETTh1,DLinear,7,33,0.3456838,0.66337574,0.00154368,0.00115591,0.08371751,0.04634551,0.04150092,0.16904368,0.0,0.00160977,0.15087456,False,False
ETTh1,DLinear,7,34,0.34582011,0.65914974,0.0,0.00120116,0.0869948,0.04095738,0.04202549,0.17118038,0.00422599,0.00157079,0.14722177,False,False
ETTh1,DLinear,7,35,0.34588092,0.65558999,0.0,0.00035399,0.02563772,0.03724625,0.0412477,0.16801227,0.00355975,0.00155715,0.14594291,False,False
ETTh1,DLinear,7,36,0.34565467,0.66051009,0.00022625,9.645e-05,0.0069858,0.04274931,0.03919859,0.15966572,0.0,0.00194422,0.18222109,False,False
ETTh1,DLinear,7,37,0.34574927,0.66091173,0.0,9.645e-05,0.0069858,0.03894006,0.03802284,0.15487661,0.0,0.00109902,0.10300531,False,False
ETTh1,DLinear,7,38,0.34549325,0.65897637,0.00025602,0.00033062,0.02394578,0.03609994,0.03951308,0.1609467,0.00193536,0.0009947,0.093228,False,False
ETTh1,DLinear,7,39,0.34662168,0.66025097,0.0,0.00028537,0.02066849,0.03507864,0.03829089,0.15596845,0.0,0.00168283,0.15772239,False,False
ETTh1,DLinear,7,40,0.34545083,0.65721281,0.00117085,0.00028537,0.02066849,0.04469742,0.04004511,0.1631138,0.00303815,0.00168283,0.15772239,False,False
ETTh1,DLinear,7,41,0.34879063,0.65377217,0.0,0.00276554,0.20029671,0.0366384,0.04838016,0.19706455,0.00344064,0.00129576,0.12144422,False,False
ETTh1,DLinear,7,42,0.35870536,0.65558165,0.0,0.00276554,0.20029671,0.04771113,0.04963952,0.20219427,0.0,0.00202149,0.18946317,False,False
ETTh1,DLinear,7,43,0.34604851,0.66065587,0.01265685,0.00256672,0.18589678,0.07777518,0.04904954,0.1997911,0.0,0.00141386,0.13251335,False,False
ETTh1,DLinear,7,44,0.34635765,0.6570272,0.0,0.00256672,0.18589678,0.04137549,0.05031431,0.20494283,0.00362867,0.00072573,0.06801895,False,False
ETTh1,DLinear,7,45,0.34618092,0.65946395,0.00017674,0.00309424,0.22410321,0.04174748,0.05016896,0.20435079,0.0,0.00124668,0.11684453,False,False
ETTh1,DLinear,7,46,0.34839215,0.65988454,0.0,0.00056287,0.04076647,0.04296225,0.04258973,0.17347869,0.0,0.00124668,0.11684453,False,False
ETTh1,DLinear,7,47,0.34575453,0.6572798,0.00263762,0.00056287,0.04076647,0.04698439,0.04122148,0.16790544,0.00260474,0.00069625,0.06525518,False,False
ETTh1,DLinear,7,48,0.34616812,0.6612846,0.0,0.00063807,0.0462126,0.03987904,0.04084622,0.16637694,0.0,0.00103537,0.09703914,False,False
ETTh1,DLinear,7,49,0.34704551,0.66040812,0.0,0.00089208,0.06460946,0.03453421,0.04036618,0.16442159,0.00087648,0.00137821,0.12917207,False,False
ETTh1,DLinear,7,50,0.3464928,0.65871251,0.00055271,0.00036455,0.02640303,0.03987121,0.03802339,0.15487884,0.00169561,0.00085726,0.0803465,False,False
ETTh1,DLinear,7,51,0.34522275,0.65699829,0.00127005,0.0004853,0.03514864,0.04056203,0.03861085,0.1572717,0.00171422,0.0021933,0.20556617,False,False
ETTh1,DLinear,7,52,0.3462406,0.66058623,0.0,0.0004853,0.03514864,0.03527046,0.04049798,0.16495848,0.0,0.00201801,0.18913656,False,False
ETTh1,DLinear,7,53,0.34563684,0.65390602,0.00060376,0.00062872,0.04553566,0.04281633,0.04085839,0.16642652,0.0066802,0.00276962,0.25958096,False,False
ETTh1,DLinear,7,54,0.34702678,0.66079747,0.0,0.00049309,0.03571258,0.04396989,0.03966326,0.16155844,0.0,0.00246931,0.23143497,False,False
ETTh1,DLinear,7,55,0.34575699,0.65534381,0.00126979,0.00049309,0.03571258,0.04167326,0.03943633,0.16063411,0.00545367,0.00246931,0.23143497,False,False
ETTh1,DLinear,7,56,0.34516509,0.65513111,0.0005919,0.00082065,0.05943596,0.03458636,0.03939726,0.16047495,0.00021269,0.00141643,0.13275363,False,False
ETTh1,DLinear,7,57,0.34853977,0.65834793,0.0,0.00086639,0.06274914,0.03413583,0.03701451,0.1507694,0.0,0.0014238,0.13344472,False,False
ETTh1,DLinear,7,58,0.34629824,0.65693217,0.00224153,0.00061243,0.04435595,0.04262096,0.0363367,0.14800851,0.00141576,0.00084693,0.07937814,False,False
ETTh1,DLinear,7,59,0.34606951,0.6568953,0.00022873,0.00049405,0.03578217,0.03205613,0.03678696,0.14984253,3.687e-05,0.00080439,0.07539121,False,False
ETTh1,DLinear,7,60,0.3463728,0.65432597,0.0,0.00071964,0.05212055,0.03828421,0.03734464,0.15211412,0.00256933,0.00080439,0.07539121,False,False
ETTh1,DLinear,7,61,0.34643974,0.65697532,0.0,0.00027133,0.01965156,0.03683765,0.03533543,0.1439301,0.0,0.00052124,0.04885287,False,False
ETTh1,DLinear,7,62,0.34531181,0.65903826,0.00112794,0.00022559,0.01633838,0.03692425,0.03625862,0.14769048,0.0,0.00125008,0.11716295,False,False
ETTh1,DLinear,7,63,0.3454701,0.66038556,0.0,0.00029642,0.02146876,0.03257491,0.03477067,0.14162969,0.0,0.00073621,0.06900117,False,False
ETTh1,DLinear,7,64,0.34561457,0.65670449,0.0,0.00029642,0.02146876,0.03667208,0.03388043,0.1380035,0.00368107,0.00090707,0.08501453,False,False
ETTh1,DLinear,7,65,0.34526039,0.65823568,0.00035418,0.00025838,0.01871373,0.03084446,0.03368525,0.13720851,0.0,0.00096415,0.09036473,False,False
ETTh1,DLinear,7,66,0.34660521,0.65738141,0.0,0.00025838,0.01871373,0.03238643,0.03296477,0.13427379,0.00085428,0.00112144,0.10510599,False,False
ETTh1,DLinear,7,67,0.34566747,0.65709598,0.00093774,0.00030935,0.02240501,0.03594839,0.03214881,0.13095021,0.00028542,0.00049082,0.04600145,False,False
ETTh1,DLinear,7,68,0.34626325,0.65630957,0.0,0.00034411,0.02492252,0.02897248,0.03324506,0.13541551,0.00078642,0.00049082,0.04600145,False,False
ETTh1,DLinear,7,69,0.34600841,0.6557816,0.00025483,0.00034411,0.02492252,0.03259231,0.03350238,0.13646363,0.00052796,0.00031996,0.02998809,False,False
ETTh1,DLinear,7,70,0.34548043,0.66004936,0.00052798,0.00039031,0.02826831,0.03632572,0.03651632,0.14874017,0.0,0.00070147,0.06574482,False,False
ETTh1,DLinear,7,71,0.34700075,0.6618753,0.0,0.00044514,0.03223959,0.03367301,0.03768637,0.15350605,0.0,0.0009126,0.0855328,False,False
ETTh1,DLinear,7,72,0.34583203,0.65968233,0.00116872,0.00039417,0.02854831,0.0510181,0.03834446,0.15618663,0.00219297,0.00103893,0.09737281,False,False
ETTh1,DLinear,7,73,0.34555787,0.65784027,0.00027416,0.00135204,0.09792241,0.03482269,0.04153347,0.16917629,0.00184206,0.00103893,0.09737281,False,False
ETTh1,DLinear,7,74,0.35105857,0.65668067,0.0,0.00135204,0.09792241,0.03588278,0.04078509,0.16612794,0.0011596,0.00108336,0.10153766,False,False
ETTh1,DLinear,7,75,0.34574127,0.65888679,0.0053173,0.00111829,0.08099327,0.05227079,0.03773193,0.15369163,0.0,0.0010581,0.09917024,False,False
ETTh1,DLinear,7,76,0.34692994,0.65866461,0.0,0.0012672,0.09177801,0.02993109,0.04045812,0.1647961,0.00022219,0.00068969,0.06464099,False,False
ETTh1,DLinear,7,77,0.34997497,0.65659794,0.0,0.00198376,0.1436757,0.03575228,0.04134387,0.16840397,0.00206667,0.00075014,0.07030619,False,False
ETTh1,DLinear,7,78,0.34895628,0.65832754,0.0010187,0.00105903,0.07670103,0.04845365,0.03688328,0.15023487,0.0,0.00082627,0.07744123,False,False
ETTh1,DLinear,7,79,0.34537346,0.65686571,0.00358281,0.00132378,0.09587629,0.04031152,0.03862132,0.15731437,0.00146183,0.00097728,0.09159547,False,False
ETTh1,DLinear,7,80,0.34467984,0.65648507,0.00069363,0.00176505,0.12783505,0.02996785,0.03957767,0.16120982,0.00038064,0.00061416,0.05756146,False,False
ETTh1,MLP,7,2,0.4569186,0.82419061,0.18990885,0.08198512,1.84344704,0.86722371,0.60939179,1.33260466,0.13377516,0.07539446,1.68217412,False,False
ETTh1,MLP,7,3,0.41703945,0.76205613,0.03987915,0.06403679,1.4398762,0.57108446,0.53824822,1.17702946,0.06213448,0.05874006,1.31058707,False,False
ETTh1,MLP,7,4,0.40087208,0.73178239,0.01616737,0.05274265,1.18592601,0.38986719,0.48648136,1.06382682,0.03027375,0.05079103,1.13323123,False,False
ETTh1,MLP,7,5,0.3906803,0.72300554,0.01019178,0.01535556,0.34527189,0.32481751,0.36181814,0.79121601,0.00877685,0.02490697,0.55571539,False,False
ETTh1,MLP,7,6,0.38311418,0.70401062,0.00756612,0.00824895,0.18547886,0.27941393,0.29052926,0.63532305,0.01899492,0.01426575,0.31829219,False,False
ETTh1,MLP,7,7,0.38014081,0.69965576,0.00297337,0.00501548,0.11277375,0.24390761,0.24998406,0.54665969,0.00435486,0.00913134,0.20373526,False,False
ETTh1,MLP,7,8,0.37579468,0.6907274,0.00434612,0.00417566,0.09389041,0.21464006,0.22027598,0.4816947,0.00892835,0.00737597,0.16457007,False,False
ETTh1,MLP,7,9,0.37640365,0.68612567,0.0,0.00266244,0.05986535,0.18714118,0.19442367,0.42516143,0.00460174,0.00405581,0.09049184,False,False
ETTh1,MLP,7,10,0.37041094,0.68661583,0.00599271,0.00208173,0.04680809,0.1762771,0.17501462,0.38271815,0.0,0.00465755,0.10391752,False,False
ETTh1,MLP,7,11,0.37092151,0.68422171,0.0,0.00190124,0.04274964,0.15015237,0.15954413,0.34888761,0.00239412,0.00287188,0.06407629,False,False
ETTh1,MLP,7,12,0.37085167,0.67685818,6.984e-05,0.00246786,0.05549014,0.14686238,0.14664135,0.3206721,0.00736353,0.00239673,0.05347489,False,False
ETTh1,MLP,7,13,0.36740802,0.67883883,0.00344365,0.00126932,0.02854075,0.13728759,0.135106,0.29544685,0.0,0.00277659,0.06195025,False,False
ETTh1,MLP,7,14,0.36457493,0.67661285,0.00283309,0.00179655,0.0403957,0.12262729,0.1284185,0.28082277,0.00222598,0.00249919,0.05576112,False,False
ETTh1,MLP,7,15,0.36518439,0.67471353,0.0,0.00178258,0.04008163,0.11860036,0.12145216,0.26558892,0.00189931,0.00102649,0.02290263,False,False
ETTh1,MLP,7,16,0.36254822,0.67370639,0.00263617,0.00147346,0.03313092,0.11671486,0.1156894,0.25298706,0.00100714,0.00102649,0.02290263,False,False
ETTh1,MLP,7,17,0.36260639,0.67641829,0.0,0.00090684,0.02039043,0.11203067,0.1117787,0.24443523,0.0,0.00171907,0.03835537,False,False
ETTh1,MLP,7,18,0.36070837,0.67773094,0.00189803,0.00121685,0.02736104,0.10847383,0.10792151,0.23600041,0.0,0.00133921,0.02988001,False,False
ETTh1,MLP,7,19,0.36072434,0.67204203,0.0,0.00068961,0.01550609,0.10307379,0.10386666,0.22713335,0.00568891,0.00123526,0.02756075,False,False
ETTh1,MLP,7,20,0.35917429,0.6731474,0.00155005,0.0008602,0.01934181,0.09931441,0.10045496,0.21967272,0.0,0.00149143,0.0332763,False,False
ETTh1,MLP,7,21,0.35966789,0.67265999,0.0,0.0004806,0.01080633,0.09644061,0.09793287,0.21415746,0.0004874,0.00216329,0.04826644,False,False
ETTh1,MLP,7,22,0.35881495,0.67137915,0.00085295,0.00093157,0.02094641,0.09497218,0.09719554,0.21254508,0.00128084,0.0010255,0.02288064,False,False
ETTh1,MLP,7,23,0.36070103,0.66801988,0.0,0.00070359,0.01582026,0.09586335,0.09588528,0.20967983,0.00335927,0.0010255,0.02288064,False,False
ETTh1,MLP,7,24,0.35844619,0.66804569,0.00225484,0.00109219,0.02455814,0.09938715,0.09522152,0.20822834,0.0,0.00121815,0.02717892,False,False
ETTh1,MLP,7,25,0.35803604,0.66897249,0.00041015,0.00096777,0.02176037,0.0927631,0.09345317,0.20436135,0.0,0.00096198,0.02146338,False,False
ETTh1,MLP,7,26,0.35609301,0.66752185,0.00194304,0.00096777,0.02176037,0.09312181,0.09131896,0.1996943,0.00145064,0.00045462,0.01014324,False,False
ETTh1,MLP,7,27,0.3558622,0.66772574,0.00023081,0.00078115,0.01756422,0.08613042,0.08856439,0.19367067,0.0,0.00045462,0.01014324,False,False
ETTh1,MLP,7,28,0.35641043,0.6669033,0.0,0.00073278,0.01647658,0.08519229,0.08683284,0.18988416,0.00082244,0.00074299,0.01657738,False,False
ETTh1,MLP,7,29,0.35508868,0.66741587,0.00132175,0.00052116,0.01171833,0.08561431,0.08467722,0.18517029,0.0,0.00045286,0.01010415,False,False
ETTh1,MLP,7,30,0.35492039,0.66597399,0.00016829,0.000475,0.01068038,0.08410535,0.08365663,0.18293849,0.00144188,0.00045286,0.01010415,False,False
ETTh1,MLP,7,31,0.35403544,0.66609032,0.00088495,0.00056281,0.01265483,0.08234371,0.08450869,0.18480177,0.0,0.0014702,0.03280257,False,False
ETTh1,MLP,7,32,0.35433064,0.66820894,0.0,0.00041947,0.00943185,0.08102746,0.0839128,0.18349868,0.0,0.0014702,0.03280257,False,False
ETTh1,MLP,7,33,0.35389158,0.66229982,0.00043906,0.00038581,0.00867503,0.08945263,0.08293367,0.18135754,0.00590912,0.00129682,0.02893415,False,False
ETTh1,MLP,7,34,0.35328653,0.66317924,0.00060506,0.0004954,0.01113907,0.08263485,0.08176159,0.17879446,0.0,0.00129682,0.02893415,False,False
ETTh1,MLP,7,35,0.3533714,0.66260427,0.0,0.0004954,0.01113907,0.0792097,0.08061829,0.17629431,0.00057497,0.00189024,0.04217446,False,False
ETTh1,MLP,7,36,0.35193853,0.66302962,0.00143287,0.00068633,0.01543226,0.0764833,0.07975843,0.17441399,0.0,0.00070842,0.01580603,False,False
ETTh1,MLP,7,37,0.35262963,0.66006249,0.0,0.00064615,0.01452881,0.07531096,0.07757142,0.16963149,0.00296713,0.00070842,0.01580603,False,False
ETTh1,MLP,7,38,0.3512359,0.66486192,0.00139373,0.00064615,0.01452881,0.08515334,0.07633319,0.16692375,0.0,0.00127359,0.02841595,False,False
ETTh1,MLP,7,39,0.35083174,0.6659019,0.00040416,0.00054678,0.0122944,0.07169981,0.0758611,0.16589141,0.0,0.00127359,0.02841595,False,False
ETTh1,MLP,7,40,0.3515414,0.66250106,0.0,0.00058967,0.0132587,0.07301853,0.07614506,0.16651235,0.00340084,0.00133821,0.02985768,False,False
ETTh1,MLP,7,41,0.35060539,0.66301196,0.00093601,0.00033636,0.00756316,0.07412288,0.07373914,0.16125115,0.0,0.00133821,0.02985768,False,False
ETTh1,MLP,7,42,0.35039096,0.65972174,0.00021443,0.00025553,0.00574565,0.07673073,0.07317005,0.16000666,0.00329022,0.00163788,0.03654376,False,False
ETTh1,MLP,7,43,0.35026374,0.66382166,0.00012722,0.00057538,0.01293739,0.07312376,0.07344037,0.16059781,0.0,0.00095771,0.02136811,False,False
ETTh1,MLP,7,44,0.35088251,0.66232333,0.0,0.00038817,0.00872814,0.06885434,0.07333952,0.16037726,0.00149834,0.00152366,0.03399543,False,False
ETTh1,MLP,7,45,0.34928329,0.66479972,0.00159922,0.00034529,0.00776384,0.07437016,0.07236664,0.15824978,0.0,0.00111284,0.02482923,False,False
ETTh1,MLP,7,46,0.34929527,0.66196996,0.0,0.00047273,0.01062949,0.07361861,0.07348127,0.16068723,0.00282976,0.00111284,0.02482923,False,False
ETTh1,MLP,7,47,0.35137448,0.66073387,0.0,0.00096695,0.02174202,0.07186632,0.07393102,0.16167075,0.00123609,0.00086127,0.01921631,False,False
ETTh1,MLP,7,48,0.35061003,0.6607629,0.00076445,0.00064711,0.01455028,0.07869691,0.07271025,0.15900119,0.0,0.00116465,0.02598531,False,False
ETTh1,MLP,7,49,0.34813894,0.66052241,0.00247108,0.00072461,0.01629307,0.07110311,0.07142934,0.15620011,0.00024049,0.00100268,0.02237153,False,False
ETTh1,MLP,7,50,0.34843106,0.65900548,0.0,0.00093578,0.02104117,0.0682663,0.07134725,0.15602061,0.00151692,0.00075547,0.0168557,False,False
ETTh1,MLP,7,51,0.34804352,0.65698557,0.00038754,0.00078289,0.01760342,0.06721405,0.06891571,0.15070337,0.00201992,0.00175148,0.03907847,False,False
ETTh1,MLP,7,52,0.34698769,0.66425439,0.00105583,0.0004204,0.00945285,0.07145589,0.06851595,0.14982918,0.0,0.00170338,0.03800531,False,False
ETTh1,MLP,7,53,0.34793251,0.6592743,0.0,0.00049002,0.0110181,0.06653919,0.06799864,0.14869793,0.00498009,0.00206887,0.0461598,False,False
ETTh1,MLP,7,54,0.34727386,0.66136446,0.00065865,0.00051926,0.01167571,0.0691043,0.0670383,0.1465979,0.0,0.00205741,0.04590412,False,False
ETTh1,MLP,7,55,0.3469258,0.65802013,0.00034806,0.00038995,0.00876801,0.06567975,0.06557482,0.14339758,0.00334433,0.00205741,0.04590412,False,False
ETTh1,MLP,7,56,0.34639202,0.65605751,0.00053377,0.00054036,0.01214997,0.06241239,0.0646663,0.14141086,0.00196262,0.00106139,0.02368134,False,False
ETTh1,MLP,7,57,0.34598277,0.65802851,0.00040925,0.00040863,0.00918802,0.06413845,0.06315928,0.13811534,0.0,0.00192914,0.04304235,False,False
ETTh1,MLP,7,58,0.34523073,0.65942582,0.00075204,0.00033901,0.00762276,0.06199663,0.06241236,0.13648198,0.0,0.00126028,0.02811887,False,False
ETTh1,MLP,7,59,0.34594832,0.65508705,0.0,0.00036907,0.00829864,0.0615692,0.06224177,0.13610896,0.00433877,0.00086775,0.01936101,False,False
ETTh1,MLP,7,60,0.34618898,0.65609728,0.0,0.00028722,0.00645823,0.06194512,0.06144444,0.13436536,0.0,0.00086775,0.01936101,False,False
ETTh1,MLP,7,61,0.34550491,0.65786907,0.00068407,0.00061163,0.01375259,0.06155948,0.06243001,0.13652058,0.0,0.00121511,0.02711116,False,False
ETTh1,MLP,7,62,0.34778592,0.65796728,0.0,0.00079891,0.01796359,0.06015177,0.06207953,0.13575416,0.0,0.00034736,0.00775014,False,False
ETTh1,MLP,7,63,0.34541183,0.65623049,0.00237408,0.00079891,0.01796359,0.06692446,0.0616829,0.13488681,0.00173679,0.00122721,0.02738099,False,False
ETTh1,MLP,7,64,0.34447543,0.65902966,0.0009364,0.0007981,0.0179455,0.05981681,0.06153199,0.1345568,0.0,0.00122721,0.02738099,False,False
ETTh1,MLP,7,65,0.34502093,0.65463042,0.0,0.00085527,0.01923084,0.05996195,0.06126472,0.13397236,0.00439924,0.00130847,0.02919417,False,False
ETTh1,MLP,7,66,0.34434089,0.65792207,0.00068004,0.00038045,0.00855452,0.06080493,0.05962391,0.13038427,0.0,0.00096111,0.02144403,False,False
ETTh1,MLP,7,67,0.34405507,0.65751574,0.00028582,0.00019317,0.00434352,0.05881547,0.06039027,0.13206012,0.00040633,0.00184409,0.04114463,False,False
ETTh1,MLP,7,68,0.34435655,0.6607458,0.0,0.00041278,0.00928133,0.05872039,0.06118373,0.13379525,0.0,0.00130194,0.02904839,False,False
ETTh1,MLP,7,69,0.34463656,0.65633093,0.0,0.00027677,0.00622316,0.06364858,0.06132802,0.13411077,0.00441487,0.00130194,0.02904839,False,False
ETTh1,MLP,7,70,0.34353854,0.65464244,0.00109802,0.00027571,0.00619946,0.06392927,0.06176013,0.13505571,0.00168849,0.00165921,0.03701971,False,False
ETTh1,MLP,7,71,0.34410322,0.65544447,0.0,0.00040994,0.00921761,0.06152637,0.06373135,0.13936632,0.0,0.00165921,0.03701971,False,False
ETTh1,MLP,7,72,0.34382266,0.65325178,0.00028055,0.00040994,0.00921761,0.06097604,0.06403078,0.14002111,0.00219269,0.00270964,0.06045641,False,False
ETTh1,MLP,7,73,0.34315152,0.66342427,0.00067114,0.00019034,0.00427979,0.06857649,0.06425416,0.14050959,0.0,0.00237194,0.05292181,False,False
ETTh1,MLP,7,74,0.34325578,0.65375727,0.0,0.00019034,0.00427979,0.06514573,0.06311992,0.13802926,0.009667,0.00272587,0.06081861,False,False
ETTh1,MLP,7,75,0.34331532,0.66000486,0.0,0.00084028,0.01889388,0.06504617,0.0655252,0.14328908,0.0,0.00228733,0.05103411,False,False
ETTh1,MLP,7,76,0.34641276,0.6582352,0.0,0.00070605,0.01587573,0.05585516,0.06334199,0.13851488,0.00176966,0.00281775,0.06286855,False,False
ETTh1,MLP,7,77,0.34288249,0.66149299,0.00353027,0.00070605,0.01587573,0.07300246,0.0630476,0.13787111,0.0,0.00233114,0.05201151,False,False
ETTh1,MLP,7,78,0.34350207,0.65884091,0.0,0.00070605,0.01587573,0.05766043,0.06322019,0.13824854,0.00265208,0.00233114,0.05201151,False,False
ETTh1,MLP,7,79,0.34352621,0.65160696,0.0,0.00088257,0.01984466,0.06367377,0.06506145,0.14227496,0.00723395,0.00247151,0.05514338,False,False
ETTh1,MLP,7,80,0.34403452,0.65633091,0.0,0.0,0.0,0.06590915,0.06241445,0.13648655,0.0,0.00329534,0.07352451,False,False
ETTh1,CNN,7,2,0.44099508,0.76463419,0.23945004,0.09590298,1.88535035,0.87408851,0.59124917,1.37655758,0.13396471,0.06168438,1.73996954,False,False
ETTh1,CNN,7,3,0.40787528,0.72612516,0.0331198,0.07527627,1.47985119,0.5161804,0.51652017,1.2025721,0.03850903,0.04956791,1.39819282,False,False
ETTh1,CNN,7,4,0.39273619,0.71354577,0.0151391,0.06123611,1.20383658,0.38347858,0.46002752,1.07104484,0.01257939,0.04131237,1.16532372,False,False
ETTh1,CNN,7,5,0.37934005,0.70032726,0.01339613,0.0140355,0.27592289,0.29233317,0.32460717,0.75575661,0.01321851,0.01598868,0.45100254,False,False
ETTh1,CNN,7,6,0.37426459,0.69203704,0.00507546,0.00788644,0.15503899,0.23405691,0.25516021,0.59406887,0.00829022,0.00870373,0.24551138,False,False
ETTh1,CNN,7,7,0.3708176,0.68469081,0.00344699,0.00510979,0.10045297,0.19698679,0.20799844,0.48426593,0.00734624,0.00658318,0.18569592,False,False
ETTh1,CNN,7,8,0.36844308,0.68260654,0.00237452,0.0027821,0.05469308,0.1689456,0.17651284,0.41096055,0.00208427,0.00409888,0.11561957,False,False
ETTh1,CNN,7,9,0.36718725,0.68062986,0.00125583,0.00184337,0.03623875,0.14766972,0.15676504,0.36498337,0.00197668,0.00313213,0.08835004,False,False
ETTh1,CNN,7,10,0.36542956,0.67983288,0.00175769,0.00144117,0.02833191,0.13490515,0.1419036,0.33038267,0.00079698,0.0018353,0.05176945,False,False
ETTh1,CNN,7,11,0.36504772,0.67637637,0.00038184,0.00096627,0.01899582,0.13531796,0.13039057,0.3035778,0.0034565,0.00301801,0.08513087,False,False
ETTh1,CNN,7,12,0.36361174,0.6755143,0.00143599,0.00121134,0.02381371,0.12267958,0.12234729,0.28485129,0.00086207,0.00262267,0.07397939,False,False
ETTh1,CNN,7,13,0.36549667,0.66751649,0.0,0.00132576,0.02606303,0.11138041,0.11695129,0.27228821,0.00799781,0.0036563,0.10313541,False,False
ETTh1,CNN,7,14,0.36301546,0.66994087,0.0024812,0.00134388,0.02641932,0.10745333,0.11072026,0.25778101,0.0,0.002965,0.08363547,False,False
ETTh1,CNN,7,15,0.36068569,0.66397578,0.00232977,0.00122697,0.02412083,0.10792514,0.10557776,0.24580815,0.00596509,0.00279667,0.07888741,False,False
ETTh1,CNN,7,16,0.36021323,0.67172891,0.00047246,0.00123161,0.02421221,0.10416281,0.10262004,0.23892194,0.0,0.00137642,0.03882565,False,False
ETTh1,CNN,7,17,0.35936184,0.67170846,0.00085139,0.00096203,0.01891245,0.09696709,0.1012577,0.23575012,2.044e-05,0.00137642,0.03882565,False,False
ETTh1,CNN,7,18,0.3593386,0.67081188,2.324e-05,0.00068887,0.01354254,0.09659183,0.09773211,0.22754176,0.00089658,0.00208986,0.05894985,False,False
ETTh1,CNN,7,19,0.35820532,0.67192368,0.00113328,0.00059438,0.01168494,0.10064164,0.09364984,0.21803734,0.0,0.00208986,0.05894985,False,False
ETTh1,CNN,7,20,0.35724132,0.66239143,0.000964,0.00120455,0.02368024,0.09029717,0.09181005,0.21375391,0.00953225,0.00208577,0.05883451,False,False
ETTh1,CNN,7,21,0.36131059,0.66343922,0.0,0.00119991,0.02358885,0.08375146,0.0902944,0.21022515,0.0,0.00279074,0.07872,False,False
ETTh1,CNN,7,22,0.35740835,0.66357184,0.00390224,0.00112811,0.02217747,0.08776814,0.08933132,0.20798288,0.0,0.00279074,0.07872,False,False
ETTh1,CNN,7,23,0.35847141,0.65915041,0.0,0.00093531,0.01838721,0.0890136,0.08677557,0.20203255,0.00442143,0.00211515,0.05966347,False,False
ETTh1,CNN,7,24,0.3576971,0.66722354,0.00077431,0.00160646,0.03158128,0.09582622,0.08599919,0.20022494,0.0,0.00222153,0.06266402,False,False
ETTh1,CNN,7,25,0.35853141,0.66106919,0.0,0.00093204,0.01832294,0.07751845,0.08329411,0.19392694,0.00615434,0.00259674,0.07324778,False,False
ETTh1,CNN,7,26,0.35517566,0.66053733,0.00335575,0.00093204,0.01832294,0.07986952,0.0797947,0.18577953,0.00053187,0.00171245,0.04830419,False,False
ETTh1,CNN,7,27,0.35464551,0.65866128,0.00053015,0.0009664,0.01899832,0.07424278,0.07522833,0.17514803,0.00187605,0.00228296,0.06439685,False,False
ETTh1,CNN,7,28,0.35488873,0.66453228,0.0,0.0009664,0.01899832,0.07151651,0.07310852,0.17021266,0.0,0.00161482,0.04555025,False,False
ETTh1,CNN,7,29,0.35394265,0.66167975,0.00094608,0.00029525,0.00580425,0.07299438,0.07091078,0.16509582,0.00285254,0.00208785,0.05889319,False,False
ETTh1,CNN,7,30,0.35480066,0.65886609,0.0,0.00118152,0.02322743,0.06691944,0.06983536,0.16259202,0.00281365,0.00171264,0.04830944,False,False
ETTh1,CNN,7,31,0.35815531,0.6559691,0.0,0.00118152,0.02322743,0.06888077,0.06763827,0.15747671,0.002897,0.00209614,0.05912707,False,False
ETTh1,CNN,7,32,0.35319379,0.65833808,0.00496152,0.001269,0.02494719,0.0688657,0.06653487,0.15490776,0.0,0.00152563,0.04303441,False,False
ETTh1,CNN,7,33,0.35400294,0.65642058,0.0,0.00131318,0.02581572,0.06053105,0.06581791,0.15323852,0.0019175,0.00289377,0.08162642,False,False
ETTh1,CNN,7,34,0.35261945,0.66406931,0.00138348,0.0013267,0.02608156,0.0674774,0.06440225,0.14994256,0.0,0.00231437,0.06528293,False,False
ETTh1,CNN,7,35,0.35239855,0.65441495,0.0002209,0.0003344,0.00657393,0.06333465,0.06220805,0.14483397,0.00965436,0.00270847,0.07639936,False,False
ETTh1,CNN,7,36,0.35233094,0.66404178,6.761e-05,0.00054031,0.01062193,0.06180247,0.06291609,0.14648244,0.0,0.00360955,0.10181685,False,False
ETTh1,CNN,7,37,0.35364123,0.66207132,0.0,0.00028668,0.00563579,0.05789467,0.06131329,0.14275076,0.00197047,0.00360955,0.10181685,False,False
ETTh1,CNN,7,38,0.35261168,0.65564839,0.00102956,0.00043277,0.00850771,0.06407126,0.05948291,0.13848925,0.00642293,0.00227195,0.06408643,False,False
ETTh1,CNN,7,39,0.35249635,0.66048426,0.00011532,0.00041924,0.00824187,0.05946338,0.05881103,0.13692496,0.0,0.00227195,0.06408643,False,False
ETTh1,CNN,7,40,0.35154502,0.65751789,0.00095133,0.00041924,0.00824187,0.05418278,0.06115501,0.14238227,0.00296638,0.00289027,0.08152764,False,False
ETTh1,CNN,7,41,0.35247467,0.66313549,0.0,0.00137293,0.02699041,0.05844304,0.05929698,0.13805635,0.0,0.00160568,0.04529252,False,False
ETTh1,CNN,7,42,0.36030036,0.65807345,0.0,0.00183668,0.03610719,0.06961461,0.05922158,0.13788081,0.00506204,0.00205917,0.05808442,False,False
ETTh1,CNN,7,43,0.35450235,0.65924249,0.00579801,0.00170049,0.03342985,0.05478107,0.05882011,0.13694609,0.0,0.00202662,0.05716607,False,False
ETTh1,CNN,7,44,0.35206829,0.65697504,0.00243406,0.00184041,0.03618049,0.0590864,0.05812448,0.13532652,0.00226746,0.00202662,0.05716607,False,False
ETTh1,CNN,7,45,0.3517979,0.65417144,0.00027039,0.00184041,0.03618049,0.0521754,0.05520115,0.12852036,0.00280359,0.00184985,0.05217995,False,False
ETTh1,CNN,7,46,0.35109831,0.65864862,0.00069959,0.00120938,0.02377503,0.05496491,0.05776417,0.13448764,0.0,0.00184985,0.05217995,False,False
ETTh1,CNN,7,47,0.35597547,0.6544704,0.0,0.00113899,0.02239132,0.05499795,0.05849547,0.13619028,0.00417822,0.00393303,0.11094135,False,False
ETTh1,CNN,7,48,0.35333263,0.66555599,0.00264284,0.001241,0.0243968,0.06759618,0.05831438,0.13576864,0.0,0.00337231,0.09512481,False,False
ETTh1,CNN,7,49,0.3512505,0.65287266,0.00208213,0.00113122,0.02223866,0.06274293,0.05712135,0.13299102,0.01268333,0.00337231,0.09512481,False,False
ETTh1,CNN,7,50,0.35047004,0.65455368,0.00078045,0.00113122,0.02223866,0.05126991,0.05631957,0.1311243,0.0,0.00281606,0.0794343,False,False
ETTh1,CNN,7,51,0.35031935,0.65550298,0.0001507,0.00060266,0.01184758,0.04899979,0.05378081,0.1252135,0.0,0.00316246,0.08920561,False,False
ETTh1,CNN,7,52,0.3512513,0.65410602,0.0,0.00018623,0.00366108,0.05098905,0.05247405,0.12217109,0.00139696,0.0006258,0.01765231,False,False
ETTh1,CNN,7,53,0.35228177,0.65237398,0.0,0.00077422,0.01522029,0.05490235,0.05636725,0.13123532,0.00173203,0.00121479,0.03426633,False,False
ETTh1,CNN,7,54,0.35595527,0.65840136,0.0,0.0011446,0.02250165,0.05620917,0.05829983,0.13573477,0.0,0.00121479,0.03426633,False,False
ETTh1,CNN,7,55,0.35223488,0.6554564,0.00372039,0.00125185,0.02461008,0.07073592,0.05768555,0.1343046,0.00294495,0.0009354,0.02638533,False,False
ETTh1,CNN,7,56,0.35023226,0.65553372,0.00200262,0.00125737,0.02471851,0.05866264,0.05635434,0.13120524,0.0,0.00058899,0.01661402,False,False
ETTh1,CNN,7,57,0.34969601,0.66239636,0.00053625,0.00125737,0.02471851,0.04791768,0.05616498,0.13076437,0.0,0.00234622,0.06618132,False,False
ETTh1,CNN,7,58,0.34966843,0.66652798,2.758e-05,0.00051329,0.01009073,0.04824628,0.05251273,0.12226113,0.0,0.00175723,0.0495673,False,False
ETTh1,CNN,7,59,0.35176757,0.65774183,0.0,0.00063959,0.01257366,0.05526236,0.05129943,0.11943631,0.00878615,0.00361122,0.10186391,False,False
ETTh1,CNN,7,60,0.35215472,0.66740398,0.0,0.00053234,0.01046523,0.05247468,0.05185152,0.12072171,0.0,0.00361122,0.10186391,False,False
ETTh1,CNN,7,61,0.3495206,0.65813404,0.00263412,0.00082444,0.01620755,0.05259616,0.05238111,0.1219547,0.00926994,0.0049687,0.14015517,False,False
ETTh1,CNN,7,62,0.35055075,0.66184092,0.0,0.00087737,0.01724808,0.05067814,0.05083757,0.118361,0.0,0.00390172,0.11005823,False,False
ETTh1,CNN,7,63,0.34906268,0.65505352,0.00148806,0.00087737,0.01724808,0.05089421,0.04968771,0.11568387,0.0067874,0.00390172,0.11005823,False,False
ETTh1,CNN,7,64,0.34879804,0.65160226,0.00026465,0.00051783,0.01017996,0.04754466,0.04858816,0.11312388,0.00345126,0.0020797,0.05866337,False,False
ETTh1,CNN,7,65,0.34977952,0.65594683,0.0,0.00051783,0.01017996,0.04672537,0.04819584,0.11221049,0.0,0.00321071,0.09056635,False,False
ETTh1,CNN,7,66,0.34894309,0.65578699,0.00083643,0.00069142,0.01359264,0.04709843,0.05048887,0.11754914,0.00015984,0.00185323,0.0522751,False,False
ETTh1,CNN,7,67,0.35212956,0.65013196,0.0,0.0009153,0.01799374,0.04871656,0.05103792,0.11882745,0.00565503,0.00262954,0.07417304,False,False
ETTh1,CNN,7,68,0.34977352,0.66171745,0.00235604,0.0009153,0.01799374,0.06235933,0.05050852,0.1175949,0.0,0.00320692,0.0904597,False,False
ETTh1,CNN,7,69,0.34838951,0.65438462,0.00138401,0.00145076,0.02852042,0.05028991,0.05105427,0.11886553,0.00733283,0.00317496,0.08955796,False,False
ETTh1,CNN,7,70,0.35183171,0.6514977,0.0,0.00145076,0.02852042,0.04407838,0.04997782,0.11635932,0.00288693,0.00204395,0.05765498,False,False
ETTh1,CNN,7,71,0.34831795,0.65236051,0.00351376,0.00109811,0.02158772,0.04982717,0.04698108,0.10938224,0.0,0.00219558,0.06193205,False,False
ETTh1,CNN,7,72,0.34965698,0.65483816,0.0,0.00082131,0.01614609,0.04333432,0.04574852,0.10651259,0.0,0.00072901,0.02056373,False,False
ETTh1,CNN,7,73,0.34906419,0.65408002,0.00059279,0.0012492,0.02455803,0.0473756,0.04533206,0.10554297,0.00075814,0.00036801,0.01038064,False,False
ETTh1,CNN,7,74,0.35014394,0.65744427,0.0,0.00054645,0.01074267,0.04412714,0.04375147,0.10186301,0.0,0.00036801,0.01038064,False,False
ETTh1,CNN,7,75,0.34800447,0.65636237,0.00213947,0.00054645,0.01074267,0.04199607,0.04344154,0.10114142,0.0010819,0.00092186,0.02600354,False,False
ETTh1,CNN,7,76,0.34851444,0.65891985,0.0,0.00042789,0.00841194,0.04192422,0.04495889,0.10467415,0.0,0.00077023,0.02172646,False,False
ETTh1,CNN,7,77,0.34879472,0.65615058,0.0,0.00198024,0.03892944,0.04178465,0.05684912,0.13235721,0.00276927,0.00378056,0.10664063,False,False
ETTh1,CNN,7,78,0.36187703,0.66673036,0.0,0.00245143,0.04819245,0.05496238,0.06076703,0.14147895,0.0,0.00356418,0.10053707,False,False
ETTh1,CNN,7,79,0.35411529,0.65167872,0.00776174,0.00306428,0.06024057,0.10357829,0.06547773,0.1524465,0.01505164,0.00445523,0.12567133,False,False
ETTh1,CNN,7,80,0.34961989,0.65809994,0.0044954,0.00408571,0.08032075,0.06158559,0.07337542,0.17083406,0.0,0.00501721,0.14152361,False,False
