dataset,model,seed,epoch,train_loss,val_loss,param_movement_raw,param_movement_smooth,segment_id,is_boundary
ETTh1,DLinear,7,1,0.43550199,0.72991133,1.33342072,0.70578273,0,False
ETTh1,DLinear,7,2,0.37722475,0.6909909,0.47830511,0.58258754,0,False
ETTh1,DLinear,7,3,0.36398151,0.67491634,0.30562236,0.49936497,0,False
ETTh1,DLinear,7,4,0.35794745,0.67207324,0.21300197,0.2615247,0,False
ETTh1,DLinear,7,5,0.35611103,0.67109049,0.16647467,0.19074756,0,False
ETTh1,DLinear,7,6,0.35408442,0.66662103,0.14421941,0.15208743,0,False
ETTh1,DLinear,7,7,0.35326436,0.6661905,0.1244194,0.13007133,0,False
ETTh1,DLinear,7,8,0.35267539,0.66653959,0.11232172,0.1177581,0,False
ETTh1,DLinear,7,9,0.35382211,0.66691285,0.10292146,0.10680377,0,False
ETTh1,DLinear,7,10,0.35041278,0.65645986,0.1049085,0.09881757,0,False
ETTh1,DLinear,7,11,0.3513488,0.66002708,0.08944776,0.09256688,0,False
ETTh1,DLinear,7,12,0.35043466,0.65993623,0.08448842,0.08727234,0,False
ETTh1,DLinear,7,13,0.3495377,0.65842268,0.08106826,0.08076516,0,False
ETTh1,DLinear,7,14,0.34989415,0.66258632,0.07644876,0.07777846,1,True
ETTh1,DLinear,7,15,0.34820659,0.66046996,0.07237259,0.07479348,1,False
ETTh1,DLinear,7,16,0.3488449,0.65217123,0.07451427,0.07106752,1,False
ETTh1,DLinear,7,17,0.34912362,0.65845617,0.06956353,0.06714979,1,False
ETTh1,DLinear,7,18,0.3473166,0.65740934,0.06243847,0.06372811,1,False
ETTh1,DLinear,7,19,0.34696959,0.66041287,0.05686008,0.06118127,1,False
ETTh1,DLinear,7,20,0.35123809,0.65701834,0.05526423,0.05767045,1,False
ETTh1,DLinear,7,21,0.34686971,0.6591592,0.06178006,0.05636484,1,False
ETTh1,DLinear,7,22,0.34895225,0.65576888,0.0520094,0.05545115,1,False
ETTh1,DLinear,7,23,0.34875544,0.65515469,0.05591041,0.05488512,1,False
ETTh1,DLinear,7,24,0.34997641,0.65898875,0.05229167,0.05212745,1,False
ETTh1,DLinear,7,25,0.3470315,0.65754255,0.05243406,0.05164802,1,False
ETTh1,DLinear,7,26,0.34726412,0.66092535,0.04799169,0.05210912,1,False
ETTh1,DLinear,7,27,0.35109798,0.65984626,0.04961224,0.05045057,1,False
ETTh1,DLinear,7,28,0.34633808,0.6568967,0.05821593,0.04859134,1,False
ETTh1,DLinear,7,29,0.34603908,0.65832061,0.04399893,0.04701829,1,False
ETTh1,DLinear,7,30,0.3460518,0.65777323,0.04313789,0.04566164,1,False
ETTh1,DLinear,7,31,0.35146333,0.65757836,0.04012647,0.04328756,1,False
ETTh1,DLinear,7,32,0.34722748,0.65751014,0.04282898,0.04267925,1,False
ETTh1,DLinear,7,33,0.3456838,0.66337574,0.04634551,0.04150092,1,False
ETTh1,DLinear,7,34,0.34582011,0.65914974,0.04095738,0.04202549,1,False
ETTh1,DLinear,7,35,0.34588092,0.65558999,0.03724625,0.0412477,1,False
ETTh1,DLinear,7,36,0.34565467,0.66051009,0.04274931,0.03919859,1,False
ETTh1,DLinear,7,37,0.34574927,0.66091173,0.03894006,0.03802284,1,False
ETTh1,DLinear,7,38,0.34549325,0.65897637,0.03609994,0.03951308,1,False
ETTh1,DLinear,7,39,0.34662168,0.66025097,0.03507864,0.03829089,1,False
ETTh1,DLinear,7,40,0.34545083,0.65721281,0.04469742,0.04004511,1,False
ETTh1,DLinear,7,41,0.34879063,0.65377217,0.0366384,0.04838016,1,False
ETTh1,DLinear,7,42,0.35870536,0.65558165,0.04771113,0.04963952,1,False
ETTh1,DLinear,7,43,0.34604851,0.66065587,0.07777518,0.04904954,1,False
ETTh1,DLinear,7,44,0.34635765,0.6570272,0.04137549,0.05031431,1,False
ETTh1,DLinear,7,45,0.34618092,0.65946395,0.04174748,0.05016896,1,False
ETTh1,DLinear,7,46,0.34839215,0.65988454,0.04296225,0.04258973,1,False
ETTh1,DLinear,7,47,0.34575453,0.6572798,0.04698439,0.04122148,1,False
ETTh1,DLinear,7,48,0.34616812,0.6612846,0.03987904,0.04084622,1,False
ETTh1,DLinear,7,49,0.34704551,0.66040812,0.03453421,0.04036618,1,False
ETTh1,DLinear,7,50,0.3464928,0.65871251,0.03987121,0.03802339,1,False
ETTh1,DLinear,7,51,0.34522275,0.65699829,0.04056203,0.03861085,1,False
ETTh1,DLinear,7,52,0.3462406,0.66058623,0.03527046,0.04049798,1,False
ETTh1,DLinear,7,53,0.34563684,0.65390602,0.04281633,0.04085839,1,False
ETTh1,DLinear,7,54,0.34702678,0.66079747,0.04396989,0.03966326,1,False
ETTh1,DLinear,7,55,0.34575699,0.65534381,0.04167326,0.03943633,1,False
ETTh1,DLinear,7,56,0.34516509,0.65513111,0.03458636,0.03939726,1,False
ETTh1,DLinear,7,57,0.34853977,0.65834793,0.03413583,0.03701451,1,False
ETTh1,DLinear,7,58,0.34629824,0.65693217,0.04262096,0.0363367,1,False
ETTh1,DLinear,7,59,0.34606951,0.6568953,0.03205613,0.03678696,1,False
ETTh1,DLinear,7,60,0.3463728,0.65432597,0.03828421,0.03734464,1,False
ETTh1,DLinear,7,61,0.34643974,0.65697532,0.03683765,0.03533543,1,False
ETTh1,DLinear,7,62,0.34531181,0.65903826,0.03692425,0.03625862,1,False
ETTh1,DLinear,7,63,0.3454701,0.66038556,0.03257491,0.03477067,1,False
ETTh1,DLinear,7,64,0.34561457,0.65670449,0.03667208,0.03388043,1,False
ETTh1,DLinear,7,65,0.34526039,0.65823568,0.03084446,0.03368525,1,False
ETTh1,DLinear,7,66,0.34660521,0.65738141,0.03238643,0.03296477,1,False
ETTh1,DLinear,7,67,0.34566747,0.65709598,0.03594839,0.03214881,1,False
ETTh1,DLinear,7,68,0.34626325,0.65630957,0.02897248,0.03324506,1,False
ETTh1,DLinear,7,69,0.34600841,0.6557816,0.03259231,0.03350238,1,False
ETTh1,DLinear,7,70,0.34548043,0.66004936,0.03632572,0.03651632,1,False
ETTh1,DLinear,7,71,0.34700075,0.6618753,0.03367301,0.03768637,1,False
ETTh1,DLinear,7,72,0.34583203,0.65968233,0.0510181,0.03834446,1,False
ETTh1,DLinear,7,73,0.34555787,0.65784027,0.03482269,0.04153347,1,False
ETTh1,DLinear,7,74,0.35105857,0.65668067,0.03588278,0.04078509,1,False
ETTh1,DLinear,7,75,0.34574127,0.65888679,0.05227079,0.03773193,1,False
ETTh1,DLinear,7,76,0.34692994,0.65866461,0.02993109,0.04045812,1,False
ETTh1,DLinear,7,77,0.34997497,0.65659794,0.03575228,0.04134387,1,False
ETTh1,DLinear,7,78,0.34895628,0.65832754,0.04845365,0.03688328,1,False
ETTh1,DLinear,7,79,0.34537346,0.65686571,0.04031152,0.03862132,1,False
ETTh1,DLinear,7,80,0.34467984,0.65648507,0.02996785,0.03957767,1,False
ETTh1,MLP,7,1,0.64682745,0.95796577,1.9345258,1.12427799,0,False
ETTh1,MLP,7,2,0.4569186,0.82419061,0.86722371,0.94067529,0,False
ETTh1,MLP,7,3,0.41703945,0.76205613,0.57108446,0.81750373,0,False
ETTh1,MLP,7,4,0.40087208,0.73178239,0.38986719,0.48648136,0,False
ETTh1,MLP,7,5,0.3906803,0.72300554,0.32481751,0.36181814,0,False
ETTh1,MLP,7,6,0.38311418,0.70401062,0.27941393,0.29052926,0,False
ETTh1,MLP,7,7,0.38014081,0.69965576,0.24390761,0.24998406,0,False
ETTh1,MLP,7,8,0.37579468,0.6907274,0.21464006,0.22027598,0,False
ETTh1,MLP,7,9,0.37640365,0.68612567,0.18714118,0.19442367,0,False
ETTh1,MLP,7,10,0.37041094,0.68661583,0.1762771,0.17501462,0,False
ETTh1,MLP,7,11,0.37092151,0.68422171,0.15015237,0.15954413,0,False
ETTh1,MLP,7,12,0.37085167,0.67685818,0.14686238,0.14664135,0,False
ETTh1,MLP,7,13,0.36740802,0.67883883,0.13728759,0.135106,0,False
ETTh1,MLP,7,14,0.36457493,0.67661285,0.12262729,0.1284185,1,True
ETTh1,MLP,7,15,0.36518439,0.67471353,0.11860036,0.12145216,1,False
ETTh1,MLP,7,16,0.36254822,0.67370639,0.11671486,0.1156894,1,False
ETTh1,MLP,7,17,0.36260639,0.67641829,0.11203067,0.1117787,1,False
ETTh1,MLP,7,18,0.36070837,0.67773094,0.10847383,0.10792151,1,False
ETTh1,MLP,7,19,0.36072434,0.67204203,0.10307379,0.10386666,1,False
ETTh1,MLP,7,20,0.35917429,0.6731474,0.09931441,0.10045496,1,False
ETTh1,MLP,7,21,0.35966789,0.67265999,0.09644061,0.09793287,1,False
ETTh1,MLP,7,22,0.35881495,0.67137915,0.09497218,0.09719554,1,False
ETTh1,MLP,7,23,0.36070103,0.66801988,0.09586335,0.09588528,1,False
ETTh1,MLP,7,24,0.35844619,0.66804569,0.09938715,0.09522152,1,False
ETTh1,MLP,7,25,0.35803604,0.66897249,0.0927631,0.09345317,1,False
ETTh1,MLP,7,26,0.35609301,0.66752185,0.09312181,0.09131896,1,False
ETTh1,MLP,7,27,0.3558622,0.66772574,0.08613042,0.08856439,1,False
ETTh1,MLP,7,28,0.35641043,0.6669033,0.08519229,0.08683284,1,False
ETTh1,MLP,7,29,0.35508868,0.66741587,0.08561431,0.08467722,1,False
ETTh1,MLP,7,30,0.35492039,0.66597399,0.08410535,0.08365663,1,False
ETTh1,MLP,7,31,0.35403544,0.66609032,0.08234371,0.08450869,1,False
ETTh1,MLP,7,32,0.35433064,0.66820894,0.08102746,0.0839128,1,False
ETTh1,MLP,7,33,0.35389158,0.66229982,0.08945263,0.08293367,1,False
ETTh1,MLP,7,34,0.35328653,0.66317924,0.08263485,0.08176159,1,False
ETTh1,MLP,7,35,0.3533714,0.66260427,0.0792097,0.08061829,1,False
ETTh1,MLP,7,36,0.35193853,0.66302962,0.0764833,0.07975843,1,False
ETTh1,MLP,7,37,0.35262963,0.66006249,0.07531096,0.07757142,1,False
ETTh1,MLP,7,38,0.3512359,0.66486192,0.08515334,0.07633319,1,False
ETTh1,MLP,7,39,0.35083174,0.6659019,0.07169981,0.0758611,1,False
ETTh1,MLP,7,40,0.3515414,0.66250106,0.07301853,0.07614506,1,False
ETTh1,MLP,7,41,0.35060539,0.66301196,0.07412288,0.07373914,1,False
ETTh1,MLP,7,42,0.35039096,0.65972174,0.07673073,0.07317005,1,False
ETTh1,MLP,7,43,0.35026374,0.66382166,0.07312376,0.07344037,1,False
ETTh1,MLP,7,44,0.35088251,0.66232333,0.06885434,0.07333952,1,False
ETTh1,MLP,7,45,0.34928329,0.66479972,0.07437016,0.07236664,1,False
ETTh1,MLP,7,46,0.34929527,0.66196996,0.07361861,0.07348127,1,False
ETTh1,MLP,7,47,0.35137448,0.66073387,0.07186632,0.07393102,1,False
ETTh1,MLP,7,48,0.35061003,0.6607629,0.07869691,0.07271025,1,False
ETTh1,MLP,7,49,0.34813894,0.66052241,0.07110311,0.07142934,1,False
ETTh1,MLP,7,50,0.34843106,0.65900548,0.0682663,0.07134725,1,False
ETTh1,MLP,7,51,0.34804352,0.65698557,0.06721405,0.06891571,1,False
ETTh1,MLP,7,52,0.34698769,0.66425439,0.07145589,0.06851595,1,False
ETTh1,MLP,7,53,0.34793251,0.6592743,0.06653919,0.06799864,1,False
ETTh1,MLP,7,54,0.34727386,0.66136446,0.0691043,0.0670383,1,False
ETTh1,MLP,7,55,0.3469258,0.65802013,0.06567975,0.06557482,1,False
ETTh1,MLP,7,56,0.34639202,0.65605751,0.06241239,0.0646663,1,False
ETTh1,MLP,7,57,0.34598277,0.65802851,0.06413845,0.06315928,1,False
ETTh1,MLP,7,58,0.34523073,0.65942582,0.06199663,0.06241236,1,False
ETTh1,MLP,7,59,0.34594832,0.65508705,0.0615692,0.06224177,1,False
ETTh1,MLP,7,60,0.34618898,0.65609728,0.06194512,0.06144444,1,False
ETTh1,MLP,7,61,0.34550491,0.65786907,0.06155948,0.06243001,1,False
ETTh1,MLP,7,62,0.34778592,0.65796728,0.06015177,0.06207953,1,False
ETTh1,MLP,7,63,0.34541183,0.65623049,0.06692446,0.0616829,1,False
ETTh1,MLP,7,64,0.34447543,0.65902966,0.05981681,0.06153199,1,False
ETTh1,MLP,7,65,0.34502093,0.65463042,0.05996195,0.06126472,1,False
ETTh1,MLP,7,66,0.34434089,0.65792207,0.06080493,0.05962391,1,False
ETTh1,MLP,7,67,0.34405507,0.65751574,0.05881547,0.06039027,1,False
ETTh1,MLP,7,68,0.34435655,0.6607458,0.05872039,0.06118373,1,False
ETTh1,MLP,7,69,0.34463656,0.65633093,0.06364858,0.06132802,1,False
ETTh1,MLP,7,70,0.34353854,0.65464244,0.06392927,0.06176013,1,False
ETTh1,MLP,7,71,0.34410322,0.65544447,0.06152637,0.06373135,1,False
ETTh1,MLP,7,72,0.34382266,0.65325178,0.06097604,0.06403078,1,False
ETTh1,MLP,7,73,0.34315152,0.66342427,0.06857649,0.06425416,1,False
ETTh1,MLP,7,74,0.34325578,0.65375727,0.06514573,0.06311992,1,False
ETTh1,MLP,7,75,0.34331532,0.66000486,0.06504617,0.0655252,1,False
ETTh1,MLP,7,76,0.34641276,0.6582352,0.05585516,0.06334199,1,False
ETTh1,MLP,7,77,0.34288249,0.66149299,0.07300246,0.0630476,1,False
ETTh1,MLP,7,78,0.34350207,0.65884091,0.05766043,0.06322019,1,False
ETTh1,MLP,7,79,0.34352621,0.65160696,0.06367377,0.06506145,1,False
ETTh1,MLP,7,80,0.34403452,0.65633091,0.06590915,0.06241445,1,False
ETTh1,CNN,7,1,0.68044512,0.8985989,1.81837805,1.06954899,0,False
ETTh1,CNN,7,2,0.44099508,0.76463419,0.87408851,0.89803139,0,False
ETTh1,CNN,7,3,0.40787528,0.72612516,0.5161804,0.77689174,0,False
ETTh1,CNN,7,4,0.39273619,0.71354577,0.38347858,0.46002752,0,False
ETTh1,CNN,7,5,0.37934005,0.70032726,0.29233317,0.32460717,0,False
ETTh1,CNN,7,6,0.37426459,0.69203704,0.23405691,0.25516021,0,False
ETTh1,CNN,7,7,0.3708176,0.68469081,0.19698679,0.20799844,0,False
ETTh1,CNN,7,8,0.36844308,0.68260654,0.1689456,0.17651284,0,False
ETTh1,CNN,7,9,0.36718725,0.68062986,0.14766972,0.15676504,0,False
ETTh1,CNN,7,10,0.36542956,0.67983288,0.13490515,0.1419036,0,False
ETTh1,CNN,7,11,0.36504772,0.67637637,0.13531796,0.13039057,0,False
ETTh1,CNN,7,12,0.36361174,0.6755143,0.12267958,0.12234729,1,True
ETTh1,CNN,7,13,0.36549667,0.66751649,0.11138041,0.11695129,1,False
ETTh1,CNN,7,14,0.36301546,0.66994087,0.10745333,0.11072026,1,False
ETTh1,CNN,7,15,0.36068569,0.66397578,0.10792514,0.10557776,1,False
ETTh1,CNN,7,16,0.36021323,0.67172891,0.10416281,0.10262004,1,False
ETTh1,CNN,7,17,0.35936184,0.67170846,0.09696709,0.1012577,1,False
ETTh1,CNN,7,18,0.3593386,0.67081188,0.09659183,0.09773211,1,False
ETTh1,CNN,7,19,0.35820532,0.67192368,0.10064164,0.09364984,1,False
ETTh1,CNN,7,20,0.35724132,0.66239143,0.09029717,0.09181005,1,False
ETTh1,CNN,7,21,0.36131059,0.66343922,0.08375146,0.0902944,1,False
ETTh1,CNN,7,22,0.35740835,0.66357184,0.08776814,0.08933132,1,False
ETTh1,CNN,7,23,0.35847141,0.65915041,0.0890136,0.08677557,1,False
ETTh1,CNN,7,24,0.3576971,0.66722354,0.09582622,0.08599919,1,False
ETTh1,CNN,7,25,0.35853141,0.66106919,0.07751845,0.08329411,1,False
ETTh1,CNN,7,26,0.35517566,0.66053733,0.07986952,0.0797947,1,False
ETTh1,CNN,7,27,0.35464551,0.65866128,0.07424278,0.07522833,1,False
ETTh1,CNN,7,28,0.35488873,0.66453228,0.07151651,0.07310852,1,False
ETTh1,CNN,7,29,0.35394265,0.66167975,0.07299438,0.07091078,1,False
ETTh1,CNN,7,30,0.35480066,0.65886609,0.06691944,0.06983536,1,False
ETTh1,CNN,7,31,0.35815531,0.6559691,0.06888077,0.06763827,1,False
ETTh1,CNN,7,32,0.35319379,0.65833808,0.0688657,0.06653487,1,False
ETTh1,CNN,7,33,0.35400294,0.65642058,0.06053105,0.06581791,1,False
ETTh1,CNN,7,34,0.35261945,0.66406931,0.0674774,0.06440225,1,False
ETTh1,CNN,7,35,0.35239855,0.65441495,0.06333465,0.06220805,1,False
ETTh1,CNN,7,36,0.35233094,0.66404178,0.06180247,0.06291609,1,False
ETTh1,CNN,7,37,0.35364123,0.66207132,0.05789467,0.06131329,1,False
ETTh1,CNN,7,38,0.35261168,0.65564839,0.06407126,0.05948291,1,False
ETTh1,CNN,7,39,0.35249635,0.66048426,0.05946338,0.05881103,1,False
ETTh1,CNN,7,40,0.35154502,0.65751789,0.05418278,0.06115501,1,False
ETTh1,CNN,7,41,0.35247467,0.66313549,0.05844304,0.05929698,1,False
ETTh1,CNN,7,42,0.36030036,0.65807345,0.06961461,0.05922158,1,False
ETTh1,CNN,7,43,0.35450235,0.65924249,0.05478107,0.05882011,1,False
ETTh1,CNN,7,44,0.35206829,0.65697504,0.0590864,0.05812448,1,False
ETTh1,CNN,7,45,0.3517979,0.65417144,0.0521754,0.05520115,1,False
ETTh1,CNN,7,46,0.35109831,0.65864862,0.05496491,0.05776417,1,False
ETTh1,CNN,7,47,0.35597547,0.6544704,0.05499795,0.05849547,1,False
ETTh1,CNN,7,48,0.35333263,0.66555599,0.06759618,0.05831438,1,False
ETTh1,CNN,7,49,0.3512505,0.65287266,0.06274293,0.05712135,1,False
ETTh1,CNN,7,50,0.35047004,0.65455368,0.05126991,0.05631957,1,False
ETTh1,CNN,7,51,0.35031935,0.65550298,0.04899979,0.05378081,1,False
ETTh1,CNN,7,52,0.3512513,0.65410602,0.05098905,0.05247405,1,False
ETTh1,CNN,7,53,0.35228177,0.65237398,0.05490235,0.05636725,1,False
ETTh1,CNN,7,54,0.35595527,0.65840136,0.05620917,0.05829983,1,False
ETTh1,CNN,7,55,0.35223488,0.6554564,0.07073592,0.05768555,1,False
ETTh1,CNN,7,56,0.35023226,0.65553372,0.05866264,0.05635434,1,False
ETTh1,CNN,7,57,0.34969601,0.66239636,0.04791768,0.05616498,1,False
ETTh1,CNN,7,58,0.34966843,0.66652798,0.04824628,0.05251273,1,False
ETTh1,CNN,7,59,0.35176757,0.65774183,0.05526236,0.05129943,1,False
ETTh1,CNN,7,60,0.35215472,0.66740398,0.05247468,0.05185152,1,False
ETTh1,CNN,7,61,0.3495206,0.65813404,0.05259616,0.05238111,1,False
ETTh1,CNN,7,62,0.35055075,0.66184092,0.05067814,0.05083757,1,False
ETTh1,CNN,7,63,0.34906268,0.65505352,0.05089421,0.04968771,1,False
ETTh1,CNN,7,64,0.34879804,0.65160226,0.04754466,0.04858816,1,False
ETTh1,CNN,7,65,0.34977952,0.65594683,0.04672537,0.04819584,1,False
ETTh1,CNN,7,66,0.34894309,0.65578699,0.04709843,0.05048887,1,False
ETTh1,CNN,7,67,0.35212956,0.65013196,0.04871656,0.05103792,1,False
ETTh1,CNN,7,68,0.34977352,0.66171745,0.06235933,0.05050852,1,False
ETTh1,CNN,7,69,0.34838951,0.65438462,0.05028991,0.05105427,1,False
ETTh1,CNN,7,70,0.35183171,0.6514977,0.04407838,0.04997782,1,False
ETTh1,CNN,7,71,0.34831795,0.65236051,0.04982717,0.04698108,1,False
ETTh1,CNN,7,72,0.34965698,0.65483816,0.04333432,0.04574852,1,False
ETTh1,CNN,7,73,0.34906419,0.65408002,0.0473756,0.04533206,1,False
ETTh1,CNN,7,74,0.35014394,0.65744427,0.04412714,0.04375147,1,False
ETTh1,CNN,7,75,0.34800447,0.65636237,0.04199607,0.04344154,1,False
ETTh1,CNN,7,76,0.34851444,0.65891985,0.04192422,0.04495889,1,False
ETTh1,CNN,7,77,0.34879472,0.65615058,0.04178465,0.05684912,1,False
ETTh1,CNN,7,78,0.36187703,0.66673036,0.05496238,0.06076703,1,False
ETTh1,CNN,7,79,0.35411529,0.65167872,0.10357829,0.06547773,1,False
ETTh1,CNN,7,80,0.34961989,0.65809994,0.06158559,0.07337542,1,False
ETTh2,DLinear,7,1,0.46080575,0.26143086,0.90447661,0.55937155,0,False
ETTh2,DLinear,7,2,0.42094603,0.25421101,0.47333081,0.47320215,0,False
ETTh2,DLinear,7,3,0.41168879,0.24407561,0.30030724,0.41318753,0,False
ETTh2,DLinear,7,4,0.4072676,0.23724276,0.21469396,0.26255098,0,False
ETTh2,DLinear,7,5,0.40279539,0.24753169,0.17312903,0.21819911,0,False
ETTh2,DLinear,7,6,0.4633875,0.26655034,0.15129386,0.1860043,0,False
ETTh2,DLinear,7,7,0.41057714,0.24689212,0.25157144,0.16738964,0,False
ETTh2,DLinear,7,8,0.40034297,0.23793432,0.13933318,0.15544364,0,False
ETTh2,DLinear,7,9,0.39865132,0.24849063,0.1216207,0.14425796,0,False
ETTh2,DLinear,7,10,0.39994273,0.23680489,0.11339899,0.11137097,0,False
ETTh2,DLinear,7,11,0.39793559,0.23822955,0.09536546,0.10173783,0,False
ETTh2,DLinear,7,12,0.39795893,0.24214141,0.08713649,0.09448812,0,False
ETTh2,DLinear,7,13,0.39531356,0.24633548,0.0911675,0.09068686,0,False
ETTh2,DLinear,7,14,0.4035318,0.23341898,0.08537218,0.088228,0,False
ETTh2,DLinear,7,15,0.39461741,0.25095838,0.09439266,0.08572471,1,True
ETTh2,DLinear,7,16,0.39455234,0.23411746,0.08307115,0.08110818,1,False
ETTh2,DLinear,7,17,0.39810219,0.2352614,0.07462004,0.08364184,1,False
ETTh2,DLinear,7,18,0.40511295,0.22778789,0.06808487,0.07986083,1,False
ETTh2,DLinear,7,19,0.39612993,0.24940363,0.09804046,0.07658975,1,False
ETTh2,DLinear,7,20,0.39505036,0.23249222,0.07548766,0.07311869,1,False
ETTh2,DLinear,7,21,0.39306831,0.24376217,0.0667157,0.0712057,1,False
ETTh2,DLinear,7,22,0.39332933,0.24627553,0.05726474,0.06206604,1,False
ETTh2,DLinear,7,23,0.39262919,0.23694444,0.05851994,0.05766322,1,False
ETTh2,DLinear,7,24,0.39278301,0.24032049,0.05234217,0.05687216,1,False
ETTh2,DLinear,7,25,0.3939824,0.23928495,0.05347355,0.06877956,1,False
ETTh2,DLinear,7,26,0.41874202,0.24085556,0.06276041,0.06951737,1,False
ETTh2,DLinear,7,27,0.39460778,0.24636437,0.11680172,0.06882839,1,False
ETTh2,DLinear,7,28,0.39258444,0.23378238,0.06220901,0.06903774,1,False
ETTh2,DLinear,7,29,0.39388065,0.24334031,0.04889729,0.06836567,1,False
ETTh2,DLinear,7,30,0.39212016,0.24164201,0.05452029,0.05503123,1,False
ETTh2,DLinear,7,31,0.39212846,0.23032798,0.05940003,0.05196084,1,False
ETTh2,DLinear,7,32,0.39231502,0.24290564,0.05012953,0.0512713,1,False
ETTh2,DLinear,7,33,0.39155784,0.23217054,0.04685706,0.04917636,1,False
ETTh2,DLinear,7,34,0.39168646,0.23973332,0.04544961,0.04631868,1,False
ETTh2,DLinear,7,35,0.39158304,0.23617998,0.04404558,0.0438713,1,False
ETTh2,DLinear,7,36,0.39138361,0.23117321,0.0451116,0.04518931,1,False
ETTh2,DLinear,7,37,0.39418659,0.23469155,0.03789266,0.04650889,1,False
ETTh2,DLinear,7,38,0.39528435,0.23244715,0.05344709,0.04740428,1,False
ETTh2,DLinear,7,39,0.39159491,0.23550752,0.05204752,0.04540094,1,False
ETTh2,DLinear,7,40,0.39120022,0.22628644,0.04852255,0.04861167,1,False
ETTh2,DLinear,7,41,0.39424355,0.22741036,0.0350949,0.04536779,1,False
ETTh2,DLinear,7,42,0.39145393,0.23950049,0.05394628,0.04202233,1,False
ETTh2,DLinear,7,43,0.39095276,0.23624303,0.03722771,0.04049281,1,False
ETTh2,DLinear,7,44,0.39598539,0.23301763,0.03532022,0.0425937,1,False
ETTh2,DLinear,7,45,0.39280385,0.24145647,0.04087494,0.04647774,1,False
ETTh2,DLinear,7,46,0.39618746,0.23144135,0.04559932,0.07795377,1,False
ETTh2,DLinear,7,47,0.41077376,0.23907745,0.07336652,0.08821429,1,False
ETTh2,DLinear,7,48,0.3980681,0.23310193,0.19460784,0.09076783,1,False
ETTh2,DLinear,7,49,0.4022176,0.23218356,0.08662285,0.09114824,1,False
ETTh2,DLinear,7,50,0.39130153,0.23614172,0.05364264,0.0877893,1,False
ETTh2,DLinear,7,51,0.3913103,0.23098308,0.04750136,0.05839588,1,False
ETTh2,DLinear,7,52,0.39277441,0.23643789,0.05657179,0.04918608,1,False
ETTh2,DLinear,7,53,0.39096098,0.22880018,0.04764078,0.04467769,1,False
ETTh2,DLinear,7,54,0.39136349,0.23389832,0.04057382,0.04150717,1,False
ETTh2,DLinear,7,55,0.39083805,0.2303437,0.03110069,0.03735975,1,False
ETTh2,DLinear,7,56,0.39073936,0.23416084,0.03164876,0.04367647,1,False
ETTh2,DLinear,7,57,0.41165298,0.23322053,0.03583471,0.04676593,1,False
ETTh2,DLinear,7,58,0.39309528,0.22480021,0.07922437,0.04821607,1,False
ETTh2,DLinear,7,59,0.39367241,0.23976341,0.05602111,0.05064675,1,False
ETTh2,DLinear,7,60,0.39148372,0.24010058,0.03835138,0.06156656,1,False
ETTh2,DLinear,7,61,0.39540993,0.23038789,0.04380218,0.09090523,1,False
ETTh2,DLinear,7,62,0.42209434,0.25296976,0.09043378,0.09859491,1,False
ETTh2,DLinear,7,63,0.40242311,0.23199206,0.2259177,0.10197234,1,False
ETTh2,DLinear,7,64,0.39318587,0.23728797,0.09446953,0.10236503,1,False
ETTh2,DLinear,7,65,0.39215792,0.23359887,0.05523849,0.0930744,1,False
ETTh2,DLinear,7,66,0.39165786,0.23463891,0.04576566,0.0595435,1,False
ETTh2,DLinear,7,67,0.39197766,0.23658103,0.0439806,0.0516844,1,False
ETTh2,DLinear,7,68,0.39067551,0.25123144,0.05826324,0.04782787,1,False
ETTh2,DLinear,7,69,0.39166249,0.23544176,0.05517399,0.04485795,1,False
ETTh2,DLinear,7,70,0.39079713,0.23228001,0.03595588,0.04432142,1,False
ETTh2,DLinear,7,71,0.39386503,0.23409712,0.03091604,0.03925481,1,False
ETTh2,DLinear,7,72,0.39236743,0.23182958,0.04129796,0.03579371,1,False
ETTh2,DLinear,7,73,0.39256309,0.23116778,0.03293016,0.03727307,1,False
ETTh2,DLinear,7,74,0.39182121,0.23691563,0.03786851,0.03752218,1,False
ETTh2,DLinear,7,75,0.39094893,0.2331406,0.04335268,0.03920688,1,False
ETTh2,DLinear,7,76,0.39069968,0.23397529,0.03216158,0.04066713,1,False
ETTh2,DLinear,7,77,0.39112727,0.2286002,0.04972146,0.04283982,1,False
ETTh2,DLinear,7,78,0.3923207,0.22937014,0.04023142,0.04400412,1,False
ETTh2,DLinear,7,79,0.39221363,0.23860065,0.04873193,0.04696475,1,False
ETTh2,DLinear,7,80,0.39083065,0.23634421,0.04917421,0.04604585,1,False
ETTh2,MLP,7,1,0.60117795,0.28994025,1.80013829,0.89961485,0,False
ETTh2,MLP,7,2,0.45486747,0.28541774,0.51972024,0.74765226,0,False
ETTh2,MLP,7,3,0.43865207,0.27025479,0.37898601,0.6518343,0,False
ETTh2,MLP,7,4,0.4294785,0.27853136,0.29176448,0.34038502,0,False
ETTh2,MLP,7,5,0.42332499,0.24903708,0.26856249,0.28182252,0,False
ETTh2,MLP,7,6,0.41900924,0.25991733,0.2428919,0.24763461,0,False
ETTh2,MLP,7,7,0.41601776,0.26235387,0.22690771,0.22841464,0,False
ETTh2,MLP,7,8,0.41173573,0.26062735,0.20804647,0.21272229,0,False
ETTh2,MLP,7,9,0.42557395,0.24846008,0.19566464,0.1978081,0,False
ETTh2,MLP,7,10,0.41204703,0.24292308,0.19010072,0.18401771,1,True
ETTh2,MLP,7,11,0.40487984,0.26123771,0.16832094,0.17159526,1,False
ETTh2,MLP,7,12,0.40304919,0.25769243,0.15795577,0.16337142,1,False
ETTh2,MLP,7,13,0.4018075,0.25767195,0.14593422,0.18795391,1,False
ETTh2,MLP,7,14,0.41374258,0.24081586,0.15454545,0.1881914,1,False
ETTh2,MLP,7,15,0.40434953,0.24349082,0.31301317,0.18435673,1,False
ETTh2,MLP,7,16,0.39758953,0.25899505,0.16950838,0.18176439,1,False
ETTh2,MLP,7,17,0.39676025,0.2448894,0.13878243,0.17728176,1,False
ETTh2,MLP,7,18,0.39467724,0.25511862,0.13297252,0.13929539,1,False
ETTh2,MLP,7,19,0.39359417,0.2360789,0.13213227,0.13175019,1,False
ETTh2,MLP,7,20,0.39296017,0.24616172,0.12308136,0.13079473,1,False
ETTh2,MLP,7,21,0.39207676,0.26363857,0.13178238,0.1302934,1,False
ETTh2,MLP,7,22,0.39529843,0.26635288,0.13400511,0.12853215,1,False
ETTh2,MLP,7,23,0.39188416,0.2420518,0.13046589,0.12897602,1,False
ETTh2,MLP,7,24,0.38979975,0.24794641,0.12332601,0.12921776,1,False
ETTh2,MLP,7,25,0.38896239,0.24044389,0.1253007,0.12695208,1,False
ETTh2,MLP,7,26,0.38701317,0.23701952,0.13299111,0.12787588,1,False
ETTh2,MLP,7,27,0.38705677,0.23347731,0.12267671,0.13463791,1,False
ETTh2,MLP,7,28,0.38768014,0.22641681,0.13508489,0.14231296,1,False
ETTh2,MLP,7,29,0.3851926,0.2431282,0.15713613,0.19773204,1,False
ETTh2,MLP,7,30,0.43705344,0.28830405,0.16367596,0.2116645,1,False
ETTh2,MLP,7,31,0.39837753,0.23790382,0.4100865,0.21435958,1,False
ETTh2,MLP,7,32,0.38260434,0.26547493,0.19233902,0.22242189,1,False
ETTh2,MLP,7,33,0.38696471,0.2504571,0.14856028,0.22006619,1,False
ETTh2,MLP,7,34,0.38704824,0.26651356,0.1974477,0.16472164,1,False
ETTh2,MLP,7,35,0.38108339,0.22871819,0.15189743,0.15531488,1,False
ETTh2,MLP,7,36,0.37890587,0.25958539,0.13336376,0.15016724,1,False
ETTh2,MLP,7,37,0.37772323,0.23513482,0.14530523,0.13489677,1,False
ETTh2,MLP,7,38,0.37566844,0.23186068,0.12282207,0.13109932,1,False
ETTh2,MLP,7,39,0.37538647,0.23824335,0.12109534,0.12980056,1,False
ETTh2,MLP,7,40,0.37431751,0.23394108,0.13291019,0.12611386,1,False
ETTh2,MLP,7,41,0.37697629,0.24101505,0.12686996,0.12742187,1,False
ETTh2,MLP,7,42,0.37535659,0.22913857,0.12687174,0.12846129,1,False
ETTh2,MLP,7,43,0.37128333,0.23900787,0.12936214,0.12600041,1,False
ETTh2,MLP,7,44,0.37084711,0.22993467,0.12629242,0.12522164,1,False
ETTh2,MLP,7,45,0.37121249,0.24963971,0.12060577,0.1249046,1,False
ETTh2,MLP,7,46,0.36921768,0.24104905,0.12297614,0.12443691,1,False
ETTh2,MLP,7,47,0.36772901,0.26483375,0.12528653,0.1241681,1,False
ETTh2,MLP,7,48,0.36907209,0.23348751,0.12702371,0.12324576,1,False
ETTh2,MLP,7,49,0.36677715,0.2359142,0.12494835,0.12195819,1,False
ETTh2,MLP,7,50,0.36541557,0.25214408,0.11599408,0.12070017,1,False
ETTh2,MLP,7,51,0.36523192,0.23757842,0.1165383,0.11907879,1,False
ETTh2,MLP,7,52,0.36413109,0.2431078,0.11899642,0.12279394,1,False
ETTh2,MLP,7,53,0.3774373,0.24404697,0.11891681,0.12269577,1,False
ETTh2,MLP,7,54,0.36414911,0.22844085,0.14352409,0.12262887,1,False
ETTh2,MLP,7,55,0.36242654,0.23316774,0.11550322,0.12474373,1,False
ETTh2,MLP,7,56,0.36205499,0.23303305,0.11620383,0.12545057,1,False
ETTh2,MLP,7,57,0.36042264,0.23825896,0.12957069,0.12212178,1,False
ETTh2,MLP,7,58,0.35979517,0.23438517,0.12245103,0.12793966,1,False
ETTh2,MLP,7,59,0.36111361,0.2520176,0.12688012,0.13305644,1,False
ETTh2,MLP,7,60,0.3642456,0.30267969,0.14459265,0.12983993,1,False
ETTh2,MLP,7,61,0.36559936,0.23966088,0.14178774,0.12885543,1,False
ETTh2,MLP,7,62,0.35964225,0.23145769,0.11348809,0.12537754,1,False
ETTh2,MLP,7,63,0.35789937,0.23748983,0.11752856,0.11838059,1,False
ETTh2,MLP,7,64,0.35668684,0.24637318,0.10949064,0.11061628,1,False
ETTh2,MLP,7,65,0.35628088,0.24927487,0.10960792,0.11620253,1,False
ETTh2,MLP,7,66,0.36357697,0.25307819,0.10296616,0.11676638,1,False
ETTh2,MLP,7,67,0.35486095,0.2461848,0.14141935,0.11614154,1,False
ETTh2,MLP,7,68,0.35496931,0.24014553,0.12034785,0.11484402,1,False
ETTh2,MLP,7,69,0.35362523,0.24351897,0.10636645,0.12459072,1,False
ETTh2,MLP,7,70,0.3530801,0.24321085,0.10312032,0.18598473,1,False
ETTh2,MLP,7,71,0.38966487,0.29657287,0.15169963,0.19903022,1,False
ETTh2,MLP,7,72,0.37599509,0.25566764,0.44838941,0.20367873,1,False
ETTh2,MLP,7,73,0.35314012,0.23265815,0.18557529,0.20829638,1,False
ETTh2,MLP,7,74,0.35158968,0.2549938,0.12960901,0.2014502,1,False
ETTh2,MLP,7,75,0.35158386,0.241117,0.12620855,0.13278822,1,False
ETTh2,MLP,7,76,0.35076028,0.24578699,0.11746876,0.11732169,1,False
ETTh2,MLP,7,77,0.35005268,0.23496142,0.10507948,0.11387936,1,False
ETTh2,MLP,7,78,0.34906203,0.24965947,0.10824265,0.11041741,1,False
ETTh2,MLP,7,79,0.34868039,0.22940561,0.11239735,0.10865457,1,False
ETTh2,MLP,7,80,0.34871368,0.23077834,0.10889881,0.10984627,1,False
ETTh2,CNN,7,1,0.64508629,0.34771874,1.60312392,0.9060068,0,False
ETTh2,CNN,7,2,0.48252091,0.27117894,0.61300034,0.7691676,0,False
ETTh2,CNN,7,3,0.44167054,0.28405911,0.50189613,0.67476811,0,False
ETTh2,CNN,7,4,0.42681681,0.28366128,0.35865002,0.4018634,0,False
ETTh2,CNN,7,5,0.41985172,0.27767233,0.29717015,0.31942061,0,False
ETTh2,CNN,7,6,0.41490411,0.29129916,0.23860038,0.2560922,0,False
ETTh2,CNN,7,7,0.41073628,0.25174065,0.20078637,0.22065815,0,False
ETTh2,CNN,7,8,0.40835048,0.31239345,0.18525409,0.23406296,0,False
ETTh2,CNN,7,9,0.46659168,0.45415458,0.18147974,0.21687788,0,False
ETTh2,CNN,7,10,0.42696077,0.26525967,0.36419423,0.20474964,0,False
ETTh2,CNN,7,11,0.40348662,0.2535571,0.15267496,0.19307241,0,False
ETTh2,CNN,7,12,0.4027702,0.24491879,0.14014516,0.17919014,0,False
ETTh2,CNN,7,13,0.40573562,0.22467933,0.12686797,0.12884001,0,False
ETTh2,CNN,7,14,0.40341194,0.23319709,0.11206836,0.12307111,0,False
ETTh2,CNN,7,15,0.39999126,0.25891353,0.11244358,0.11897286,0,False
ETTh2,CNN,7,16,0.40471792,0.33927481,0.1238305,0.11297456,1,True
ETTh2,CNN,7,17,0.40380267,0.25533734,0.1196539,0.10912847,1,False
ETTh2,CNN,7,18,0.39943214,0.28455883,0.09687646,0.10511845,1,False
ETTh2,CNN,7,19,0.39887033,0.25448393,0.09283794,0.09660438,1,False
ETTh2,CNN,7,20,0.39899391,0.23861167,0.09239348,0.08976368,1,False
ETTh2,CNN,7,21,0.39722425,0.24905924,0.08126013,0.08582002,1,False
ETTh2,CNN,7,22,0.40036577,0.23006556,0.0854504,0.08631056,1,False
ETTh2,CNN,7,23,0.39758958,0.22747192,0.07715816,0.08597231,1,False
ETTh2,CNN,7,24,0.3953503,0.25163881,0.09529062,0.08826327,1,False
ETTh2,CNN,7,25,0.39541632,0.22759126,0.09070223,0.0899483,1,False
ETTh2,CNN,7,26,0.39529826,0.28215666,0.09271494,0.0897473,1,False
ETTh2,CNN,7,27,0.39346611,0.2303163,0.09387551,0.08516336,1,False
ETTh2,CNN,7,28,0.39501889,0.24241463,0.0761532,0.0825098,1,False
ETTh2,CNN,7,29,0.39502797,0.24929307,0.07237093,0.08075784,1,False
ETTh2,CNN,7,30,0.39370439,0.22585013,0.07743441,0.07441989,1,False
ETTh2,CNN,7,31,0.39311367,0.27781305,0.08395513,0.07547677,1,False
ETTh2,CNN,7,32,0.39239771,0.27631792,0.06218575,0.07372118,1,False
ETTh2,CNN,7,33,0.39271858,0.24689057,0.08143765,0.07145438,1,False
ETTh2,CNN,7,34,0.39217311,0.27466024,0.06359298,0.06782858,1,False
ETTh2,CNN,7,35,0.39285945,0.23936196,0.06610039,0.06759293,1,False
ETTh2,CNN,7,36,0.39200838,0.24936126,0.06582613,0.06759142,1,False
ETTh2,CNN,7,37,0.39117344,0.27143274,0.0610075,0.07798937,1,False
ETTh2,CNN,7,38,0.39045191,0.27519363,0.08143011,0.10118774,1,False
ETTh2,CNN,7,39,0.43632999,0.39072423,0.11558271,0.10453255,1,False
ETTh2,CNN,7,40,0.40428708,0.23730681,0.18209225,0.1074095,1,False
ETTh2,CNN,7,41,0.39169974,0.23981527,0.08255018,0.10358683,1,False
ETTh2,CNN,7,42,0.39164826,0.2682422,0.07539224,0.09239186,1,False
ETTh2,CNN,7,43,0.39106899,0.2373283,0.06231678,0.06872916,1,False
ETTh2,CNN,7,44,0.39153345,0.26527169,0.05960784,0.06334593,1,False
ETTh2,CNN,7,45,0.38972334,0.24679793,0.06377877,0.06035795,1,False
ETTh2,CNN,7,46,0.3902746,0.26385139,0.05563404,0.06141049,1,False
ETTh2,CNN,7,47,0.39087325,0.27412667,0.06045235,0.06543434,1,False
ETTh2,CNN,7,48,0.38975011,0.22905737,0.06757948,0.06642421,1,False
ETTh2,CNN,7,49,0.38975356,0.29559478,0.07972707,0.0672242,1,False
ETTh2,CNN,7,50,0.39015969,0.2369717,0.06872812,0.07613308,1,False
ETTh2,CNN,7,51,0.38946667,0.24306043,0.05963397,0.08265144,1,False
ETTh2,CNN,7,52,0.39263012,0.2390349,0.10499676,0.0800099,1,False
ETTh2,CNN,7,53,0.3938048,0.24862216,0.10017125,0.07832588,1,False
ETTh2,CNN,7,54,0.38906216,0.258276,0.06651937,0.07944187,1,False
ETTh2,CNN,7,55,0.39019953,0.23252181,0.06030807,0.07289119,1,False
ETTh2,CNN,7,56,0.3883515,0.25244336,0.0652139,0.06433639,1,False
ETTh2,CNN,7,57,0.39213718,0.23239806,0.07224338,0.06823415,1,False
ETTh2,CNN,7,58,0.39458696,0.22753047,0.05739724,0.07087449,1,False
ETTh2,CNN,7,59,0.38979343,0.22690818,0.08600818,0.06923309,1,False
ETTh2,CNN,7,60,0.38918019,0.23476935,0.07350977,0.06614575,1,False
ETTh2,CNN,7,61,0.38761538,0.25510682,0.0570069,0.07402619,1,False
ETTh2,CNN,7,62,0.38683276,0.30054157,0.05680665,0.07595051,1,False
ETTh2,CNN,7,63,0.39834973,0.24218173,0.09679945,0.07336616,1,False
ETTh2,CNN,7,64,0.39154029,0.24433518,0.0956298,0.07392172,1,False
ETTh2,CNN,7,65,0.39647131,0.24858721,0.06058799,0.07291306,1,False
ETTh2,CNN,7,66,0.38809732,0.25524427,0.05978474,0.06389752,1,False
ETTh2,CNN,7,67,0.3884241,0.2513507,0.05176331,0.05587691,1,False
ETTh2,CNN,7,68,0.38610888,0.24766042,0.05172176,0.05380549,1,False
ETTh2,CNN,7,69,0.38683978,0.29551877,0.05552674,0.05109388,1,False
ETTh2,CNN,7,70,0.38658953,0.31970347,0.05023089,0.05304558,1,False
ETTh2,CNN,7,71,0.38797421,0.28917437,0.0462267,0.06013994,1,False
ETTh2,CNN,7,72,0.38922181,0.31964013,0.0615218,0.06354385,1,False
ETTh2,CNN,7,73,0.38849962,0.24446309,0.08719359,0.06619184,1,False
ETTh2,CNN,7,74,0.38781513,0.28356211,0.07254626,0.06629865,1,False
ETTh2,CNN,7,75,0.38572393,0.23287811,0.06347084,0.06411826,1,False
ETTh2,CNN,7,76,0.38585325,0.25116188,0.04676074,0.05587555,1,False
ETTh2,CNN,7,77,0.38762083,0.2352487,0.05061985,0.05509579,1,False
ETTh2,CNN,7,78,0.38697107,0.24605134,0.04598005,0.0541006,1,False
ETTh2,CNN,7,79,0.38840594,0.22785109,0.06864747,0.05593556,1,False
ETTh2,CNN,7,80,0.3879104,0.22624813,0.05849488,0.05770747,1,False
ETTm1,DLinear,7,1,0.36795744,0.42016946,1.81075231,0.95513934,0,False
ETTm1,DLinear,7,2,0.34228914,0.40607238,0.64426521,0.78734275,0,False
ETTm1,DLinear,7,3,0.33641057,0.40294592,0.41040049,0.67223961,0,False
ETTm1,DLinear,7,4,0.33423747,0.40045416,0.28395298,0.34200191,0,False
ETTm1,DLinear,7,5,0.33350854,0.39750498,0.21182704,0.23902477,0,False
ETTm1,DLinear,7,6,0.33291189,0.39735741,0.15956386,0.17885837,0,False
ETTm1,DLinear,7,7,0.33252601,0.39757481,0.12937949,0.13969699,0,False
ETTm1,DLinear,7,8,0.33255703,0.39667521,0.1095685,0.11457291,0,False
ETTm1,DLinear,7,9,0.33222966,0.39544984,0.08814605,0.09732967,0,False
ETTm1,DLinear,7,10,0.33217294,0.39710715,0.08620668,0.08545572,0,False
ETTm1,DLinear,7,11,0.33187949,0.39844676,0.07334765,0.07498579,0,False
ETTm1,DLinear,7,12,0.33173933,0.39710531,0.07000971,0.06882023,0,False
ETTm1,DLinear,7,13,0.33160901,0.39546462,0.05721889,0.06496579,0,False
ETTm1,DLinear,7,14,0.33157093,0.39533946,0.05731824,0.0648569,1,True
ETTm1,DLinear,7,15,0.33409341,0.3970412,0.06693449,0.06141987,1,False
ETTm1,DLinear,7,16,0.3325614,0.39620425,0.07280315,0.05852447,1,False
ETTm1,DLinear,7,17,0.33150971,0.39605926,0.05282458,0.05570549,1,False
ETTm1,DLinear,7,18,0.33147156,0.39690223,0.04274189,0.05030179,1,False
ETTm1,DLinear,7,19,0.33164847,0.39514034,0.04322333,0.04482434,1,False
ETTm1,DLinear,7,20,0.33175333,0.39724103,0.03991602,0.04293813,1,False
ETTm1,DLinear,7,21,0.33154579,0.39605313,0.04541587,0.04270969,1,False
ETTm1,DLinear,7,22,0.33133786,0.39775814,0.04339355,0.04139162,1,False
ETTm1,DLinear,7,23,0.33173671,0.3969132,0.0415997,0.04065764,1,False
ETTm1,DLinear,7,24,0.33180544,0.39668087,0.03663295,0.0399881,1,False
ETTm1,DLinear,7,25,0.33200666,0.397238,0.03624611,0.03867064,1,False
ETTm1,DLinear,7,26,0.33128011,0.39690134,0.0420682,0.03670899,1,False
ETTm1,DLinear,7,27,0.33206769,0.39651195,0.03680624,0.03576831,1,False
ETTm1,DLinear,7,28,0.33146585,0.3962068,0.03179144,0.03426092,1,False
ETTm1,DLinear,7,29,0.33131977,0.39760834,0.03192956,0.0350346,1,False
ETTm1,DLinear,7,30,0.33160635,0.39741619,0.02870916,0.03770034,1,False
ETTm1,DLinear,7,31,0.33138827,0.39569088,0.04593662,0.03969259,1,False
ETTm1,DLinear,7,32,0.33184813,0.39790989,0.05013493,0.04076428,1,False
ETTm1,DLinear,7,33,0.331598,0.3984779,0.0417527,0.04302838,1,False
ETTm1,DLinear,7,34,0.33180039,0.39729962,0.03728801,0.0405554,1,False
ETTm1,DLinear,7,35,0.33140455,0.3969272,0.04002961,0.03725947,1,False
ETTm1,DLinear,7,36,0.33144949,0.39632577,0.03357176,0.03796489,1,False
ETTm1,DLinear,7,37,0.33259897,0.39664992,0.03365526,0.03710594,1,False
ETTm1,DLinear,7,38,0.331776,0.39627579,0.04527983,0.03635376,1,False
ETTm1,DLinear,7,39,0.33196803,0.39662432,0.03299323,0.03964956,1,False
ETTm1,DLinear,7,40,0.33206346,0.39628071,0.03626873,0.03987966,1,False
ETTm1,DLinear,7,41,0.33170356,0.39792091,0.05005074,0.03934464,1,False
ETTm1,DLinear,7,42,0.33150421,0.39773954,0.03480579,0.04178094,1,False
ETTm1,DLinear,7,43,0.3321734,0.3964258,0.04260473,0.04253278,1,False
ETTm1,DLinear,7,44,0.33148989,0.39718086,0.04517472,0.03998668,1,False
ETTm1,DLinear,7,45,0.33167415,0.39552219,0.04002791,0.0408332,1,False
ETTm1,DLinear,7,46,0.33174534,0.39540655,0.03732022,0.03836837,1,False
ETTm1,DLinear,7,47,0.33144744,0.39724483,0.03903843,0.03694559,1,False
ETTm1,DLinear,7,48,0.33150514,0.39626333,0.03028058,0.03702784,1,False
ETTm1,DLinear,7,49,0.33132345,0.39541123,0.03806078,0.03590054,1,False
ETTm1,DLinear,7,50,0.33163762,0.39633267,0.0404392,0.03636359,1,False
ETTm1,DLinear,7,51,0.33179145,0.39565586,0.03168371,0.03713789,1,False
ETTm1,DLinear,7,52,0.33198832,0.39690286,0.04135366,0.0364067,1,False
ETTm1,DLinear,7,53,0.33138185,0.39656231,0.03415209,0.03701144,1,False
ETTm1,DLinear,7,54,0.33277868,0.39640968,0.03440485,0.0407148,1,False
ETTm1,DLinear,7,55,0.33167061,0.39779556,0.04346287,0.03978892,1,False
ETTm1,DLinear,7,56,0.33278792,0.39650109,0.05020051,0.0403218,1,False
ETTm1,DLinear,7,57,0.33119765,0.3952543,0.03672428,0.04133273,1,False
ETTm1,DLinear,7,58,0.33175592,0.39674515,0.03681649,0.04174347,1,False
ETTm1,DLinear,7,59,0.33190329,0.39733314,0.03945949,0.03946254,1,False
ETTm1,DLinear,7,60,0.3316947,0.39632496,0.04551656,0.03944121,1,False
ETTm1,DLinear,7,61,0.33207483,0.39630558,0.03879587,0.04064097,1,False
ETTm1,DLinear,7,62,0.33204038,0.39588343,0.03661767,0.04034849,1,False
ETTm1,DLinear,7,63,0.33189087,0.39518512,0.04281529,0.03947353,1,False
ETTm1,DLinear,7,64,0.33127229,0.39609663,0.03799706,0.03957938,1,False
ETTm1,DLinear,7,65,0.33269601,0.39609816,0.04114179,0.03935213,1,False
ETTm1,DLinear,7,66,0.33178773,0.3972556,0.0393251,0.03815324,1,False
ETTm1,DLinear,7,67,0.33183656,0.3959298,0.03548143,0.03829432,1,False
ETTm1,DLinear,7,68,0.33185473,0.39672181,0.03682085,0.03983108,1,False
ETTm1,DLinear,7,69,0.33142338,0.39594255,0.03870242,0.04129423,1,False
ETTm1,DLinear,7,70,0.33147338,0.39827614,0.04882558,0.03995666,1,False
ETTm1,DLinear,7,71,0.33215792,0.39550493,0.04664089,0.03883119,1,False
ETTm1,DLinear,7,72,0.3313363,0.39609895,0.02879355,0.03805887,1,False
ETTm1,DLinear,7,73,0.33210963,0.39696391,0.03119349,0.03609793,1,False
ETTm1,DLinear,7,74,0.33195474,0.39604166,0.03484085,0.03664222,1,False
ETTm1,DLinear,7,75,0.33144875,0.39664636,0.03902089,0.04022018,1,False
ETTm1,DLinear,7,76,0.33190974,0.39606211,0.04936231,0.04125977,1,False
ETTm1,DLinear,7,77,0.33180068,0.39661915,0.04668336,0.04334571,1,False
ETTm1,DLinear,7,78,0.33141485,0.39820385,0.03639146,0.0426765,1,False
ETTm1,DLinear,7,79,0.33141114,0.39689231,0.04527053,0.04100505,1,False
ETTm1,DLinear,7,80,0.33178421,0.39662096,0.03567485,0.03911228,1,False
ETTm1,MLP,7,1,0.43721484,0.4691692,2.86132883,1.47073259,0,False
ETTm1,MLP,7,2,0.35078118,0.43372168,0.93985819,1.22213897,0,False
ETTm1,MLP,7,3,0.33943074,0.4245997,0.61101074,1.05960004,0,False
ETTm1,MLP,7,4,0.33376455,0.41995475,0.47635812,0.56105801,0,False
ETTm1,MLP,7,5,0.33082807,0.41758303,0.40944431,0.44065578,0,False
ETTm1,MLP,7,6,0.32753632,0.41637609,0.36861871,0.38143101,0,False
ETTm1,MLP,7,7,0.32512523,0.41571292,0.33784703,0.34558137,0,False
ETTm1,MLP,7,8,0.32339437,0.41465967,0.31488686,0.3199116,1,True
ETTm1,MLP,7,9,0.32171631,0.41491588,0.29710992,0.30131677,1,False
ETTm1,MLP,7,10,0.32022489,0.41376698,0.28109547,0.287687,1,False
ETTm1,MLP,7,11,0.31938595,0.4136833,0.27564458,0.27741415,1,False
ETTm1,MLP,7,12,0.31791381,0.41254987,0.26969817,0.270061,1,False
ETTm1,MLP,7,13,0.31600084,0.41477667,0.26352261,0.26473647,1,False
ETTm1,MLP,7,14,0.3152279,0.41118562,0.26034418,0.26000945,1,False
ETTm1,MLP,7,15,0.31389951,0.41082811,0.2544728,0.25576056,1,False
ETTm1,MLP,7,16,0.31270376,0.41302485,0.25200948,0.2524517,1,False
ETTm1,MLP,7,17,0.31176709,0.41140244,0.24845374,0.24997561,1,False
ETTm1,MLP,7,18,0.31066966,0.409781,0.24697833,0.24830304,1,False
ETTm1,MLP,7,19,0.30966685,0.41186167,0.24796373,0.24631486,1,False
ETTm1,MLP,7,20,0.30945851,0.41176546,0.24610995,0.24396864,1,False
ETTm1,MLP,7,21,0.30799323,0.41168966,0.24206854,0.24061753,1,False
ETTm1,MLP,7,22,0.30646363,0.41179955,0.23672265,0.23607483,1,False
ETTm1,MLP,7,23,0.30594992,0.41025147,0.23022276,0.23052208,1,False
ETTm1,MLP,7,24,0.30479709,0.41187475,0.22525027,0.22435409,1,False
ETTm1,MLP,7,25,0.30408358,0.40898261,0.21834617,0.21868512,1,False
ETTm1,MLP,7,26,0.30345232,0.40847168,0.21122857,0.21321161,1,False
ETTm1,MLP,7,27,0.30254402,0.41128713,0.20837781,0.20746719,1,False
ETTm1,MLP,7,28,0.30162237,0.41048269,0.20285525,0.20251462,1,False
ETTm1,MLP,7,29,0.30098686,0.40916813,0.19652813,0.1998396,1,False
ETTm1,MLP,7,30,0.30090845,0.41026987,0.19358334,0.19520352,1,False
ETTm1,MLP,7,31,0.29988655,0.41022357,0.19785349,0.19161121,1,False
ETTm1,MLP,7,32,0.2998891,0.40761552,0.18519739,0.18775827,1,False
ETTm1,MLP,7,33,0.29855537,0.40939051,0.18489368,0.18495854,1,False
ETTm1,MLP,7,34,0.29868123,0.41015234,0.17726346,0.17996244,1,False
ETTm1,MLP,7,35,0.29736633,0.40778579,0.17958467,0.17812625,1,False
ETTm1,MLP,7,36,0.29787932,0.40950959,0.17287301,0.17655255,1,False
ETTm1,MLP,7,37,0.29689198,0.4106379,0.17601643,0.17643939,1,False
ETTm1,MLP,7,38,0.29677622,0.41018532,0.17702519,0.17440996,1,False
ETTm1,MLP,7,39,0.29667902,0.40905743,0.17669763,0.17267086,1,False
ETTm1,MLP,7,40,0.29542469,0.41127202,0.16943753,0.17001792,1,False
ETTm1,MLP,7,41,0.29528956,0.40915533,0.16417752,0.16661054,1,False
ETTm1,MLP,7,42,0.29458833,0.4074448,0.16275174,0.16336927,1,False
ETTm1,MLP,7,43,0.29438237,0.40826914,0.15998829,0.16154878,1,False
ETTm1,MLP,7,44,0.2944476,0.40770594,0.16049127,0.1608997,1,False
ETTm1,MLP,7,45,0.29322493,0.40966137,0.16033507,0.15847959,1,False
ETTm1,MLP,7,46,0.29299282,0.41013759,0.16093211,0.15900904,1,False
ETTm1,MLP,7,47,0.29260313,0.41002523,0.15065118,0.16060825,1,False
ETTm1,MLP,7,48,0.29302221,0.42381011,0.16263555,0.15902528,1,False
ETTm1,MLP,7,49,0.29379279,0.40924063,0.16848734,0.15750001,1,False
ETTm1,MLP,7,50,0.29250425,0.41071576,0.15242021,0.15703562,1,False
ETTm1,MLP,7,51,0.29152817,0.407781,0.15330576,0.15362518,1,False
ETTm1,MLP,7,52,0.29113132,0.40934532,0.14832924,0.14855214,1,False
ETTm1,MLP,7,53,0.29085847,0.40712161,0.14558336,0.14687376,1,False
ETTm1,MLP,7,54,0.29059234,0.40852854,0.14312211,0.1452777,1,False
ETTm1,MLP,7,55,0.29043012,0.40998752,0.14402832,0.14391227,1,False
ETTm1,MLP,7,56,0.29026296,0.41275435,0.14532546,0.14495892,1,False
ETTm1,MLP,7,57,0.29078551,0.40954679,0.14150209,0.14679618,1,False
ETTm1,MLP,7,58,0.28986817,0.40963514,0.15081663,0.14622399,1,False
ETTm1,MLP,7,59,0.28995551,0.40660676,0.15230839,0.14504322,1,False
ETTm1,MLP,7,60,0.28928989,0.40552804,0.14116736,0.14613198,1,False
ETTm1,MLP,7,61,0.28900174,0.41457847,0.13942163,0.14277704,1,False
ETTm1,MLP,7,62,0.2895571,0.40697069,0.14694591,0.13798723,1,False
ETTm1,MLP,7,63,0.2883238,0.40852488,0.13404189,0.13623904,1,False
ETTm1,MLP,7,64,0.28861471,0.408724,0.12835936,0.13477209,1,False
ETTm1,MLP,7,65,0.28791439,0.4062149,0.13242639,0.13199057,1,False
ETTm1,MLP,7,66,0.28791233,0.40608939,0.13208688,0.13362436,1,False
ETTm1,MLP,7,67,0.28778794,0.41017058,0.13303836,0.13585945,1,False
ETTm1,MLP,7,68,0.2878647,0.41037146,0.1422108,0.1340798,1,False
ETTm1,MLP,7,69,0.28739347,0.40741577,0.13953483,0.13349347,1,False
ETTm1,MLP,7,70,0.28716624,0.4082031,0.12352815,0.13161745,1,False
ETTm1,MLP,7,71,0.28722923,0.40952562,0.1291552,0.12779671,1,False
ETTm1,MLP,7,72,0.28661685,0.4091866,0.12365829,0.12663233,1,False
ETTm1,MLP,7,73,0.28623479,0.4058266,0.12310709,0.13051387,1,False
ETTm1,MLP,7,74,0.28712455,0.42446811,0.13371294,0.12922778,1,False
ETTm1,MLP,7,75,0.28831738,0.40788041,0.14293583,0.12959579,1,False
ETTm1,MLP,7,76,0.28705722,0.41077362,0.12272478,0.13084851,1,False
ETTm1,MLP,7,77,0.28619337,0.40950223,0.12549831,0.12952746,1,False
ETTm1,MLP,7,78,0.28649643,0.40718895,0.12937069,0.12516805,1,False
ETTm1,MLP,7,79,0.28563441,0.40804053,0.1271077,0.12577887,1,False
ETTm1,MLP,7,80,0.28545864,0.40705243,0.12113876,0.12587238,1,False
ETTm1,CNN,7,1,0.43680182,0.43540307,2.61628921,1.30017818,0,False
ETTm1,CNN,7,2,0.35073044,0.41513971,0.76112484,1.07739191,0,False
ETTm1,CNN,7,3,0.3433668,0.41360559,0.52312048,0.9293527,0,False
ETTm1,CNN,7,4,0.33886057,0.40932613,0.40903309,0.46378821,0,False
ETTm1,CNN,7,5,0.33687986,0.41328268,0.3371959,0.36124707,0,False
ETTm1,CNN,7,6,0.33425206,0.40344107,0.28846675,0.30100584,0,False
ETTm1,CNN,7,7,0.33293857,0.41057647,0.24841912,0.25937365,0,False
ETTm1,CNN,7,8,0.33231966,0.40025679,0.22191436,0.22919692,0,False
ETTm1,CNN,7,9,0.33140247,0.40307413,0.20087213,0.20692479,0,False
ETTm1,CNN,7,10,0.33060417,0.40104565,0.18631227,0.19065522,0,False
ETTm1,CNN,7,11,0.33087749,0.41114488,0.17710608,0.17829693,1,True
ETTm1,CNN,7,12,0.32983255,0.40284255,0.16707127,0.17052268,1,False
ETTm1,CNN,7,13,0.32897412,0.40152568,0.16012292,0.16462415,1,False
ETTm1,CNN,7,14,0.32847791,0.40048523,0.16200086,0.15920114,1,False
ETTm1,CNN,7,15,0.32885064,0.39868577,0.15681963,0.15634667,1,False
ETTm1,CNN,7,16,0.32793013,0.39548496,0.14999102,0.15402492,1,False
ETTm1,CNN,7,17,0.32760344,0.40781523,0.1527989,0.15024577,1,False
ETTm1,CNN,7,18,0.3273951,0.39615089,0.14851416,0.14627106,1,False
ETTm1,CNN,7,19,0.32717557,0.39964932,0.14310516,0.14403346,1,False
ETTm1,CNN,7,20,0.32653626,0.39688404,0.13694607,0.14194078,1,False
ETTm1,CNN,7,21,0.32605424,0.39525071,0.13880301,0.13751105,1,False
ETTm1,CNN,7,22,0.32611044,0.40588278,0.14233548,0.13379263,1,False
ETTm1,CNN,7,23,0.32542036,0.40142554,0.12636551,0.13032717,1,False
ETTm1,CNN,7,24,0.32497445,0.39631749,0.12451308,0.12484389,1,False
ETTm1,CNN,7,25,0.32519294,0.40204037,0.11961878,0.11792925,1,False
ETTm1,CNN,7,26,0.32480692,0.41049333,0.11138661,0.1141404,1,False
ETTm1,CNN,7,27,0.32454441,0.39909578,0.10776225,0.1099613,1,False
ETTm1,CNN,7,28,0.32455524,0.40837394,0.10742128,0.10510523,1,False
ETTm1,CNN,7,29,0.32431239,0.4063182,0.10361757,0.10139131,1,False
ETTm1,CNN,7,30,0.32411618,0.40152882,0.09533842,0.09943332,1,False
ETTm1,CNN,7,31,0.32473175,0.40226034,0.09281702,0.09512029,1,False
ETTm1,CNN,7,32,0.32396881,0.40100431,0.09797233,0.09090948,1,False
ETTm1,CNN,7,33,0.3242759,0.39977747,0.08585609,0.08925968,1,False
ETTm1,CNN,7,34,0.32363971,0.40159614,0.08256356,0.08834691,1,False
ETTm1,CNN,7,35,0.32398891,0.39911377,0.08708937,0.08506459,1,False
ETTm1,CNN,7,36,0.32427827,0.4018871,0.08825321,0.08297065,1,False
ETTm1,CNN,7,37,0.32342844,0.40058655,0.08156072,0.08177051,1,False
ETTm1,CNN,7,38,0.32352039,0.39874194,0.0753864,0.08002986,1,False
ETTm1,CNN,7,39,0.32361414,0.39593011,0.07656283,0.07653784,1,False
ETTm1,CNN,7,40,0.32364358,0.40393475,0.07838612,0.07420703,1,False
ETTm1,CNN,7,41,0.32324483,0.39978373,0.07079312,0.07364155,1,False
ETTm1,CNN,7,42,0.32276362,0.39851246,0.06990666,0.07282032,1,False
ETTm1,CNN,7,43,0.32296173,0.4063779,0.07255901,0.0715119,1,False
ETTm1,CNN,7,44,0.32334524,0.39924565,0.07245668,0.07232505,1,False
ETTm1,CNN,7,45,0.32348717,0.40965354,0.07184405,0.07265984,1,False
ETTm1,CNN,7,46,0.32312864,0.39847742,0.07485885,0.07235581,1,False
ETTm1,CNN,7,47,0.32293546,0.41444583,0.07158064,0.07076471,1,False
ETTm1,CNN,7,48,0.32280291,0.40195769,0.07103885,0.06960729,1,False
ETTm1,CNN,7,49,0.32347247,0.4045629,0.06450115,0.06692308,1,False
ETTm1,CNN,7,50,0.32253515,0.39660261,0.06605695,0.06569018,1,False
ETTm1,CNN,7,51,0.32226145,0.3976101,0.0614378,0.0651307,1,False
ETTm1,CNN,7,52,0.3224073,0.4008658,0.06541614,0.06483218,1,False
ETTm1,CNN,7,53,0.32217297,0.40098825,0.06824146,0.06537715,1,False
ETTm1,CNN,7,54,0.32308258,0.3998424,0.06300856,0.06727292,1,False
ETTm1,CNN,7,55,0.32256095,0.40423864,0.06878179,0.06756707,1,False
ETTm1,CNN,7,56,0.32269483,0.40168365,0.07091666,0.06616109,1,False
ETTm1,CNN,7,57,0.32283051,0.40770034,0.06688689,0.06638576,1,False
ETTm1,CNN,7,58,0.32270386,0.40867014,0.06121155,0.0656176,1,False
ETTm1,CNN,7,59,0.32243174,0.40035071,0.0641319,0.06194056,1,False
ETTm1,CNN,7,60,0.32280826,0.39890012,0.06494103,0.05927301,1,False
ETTm1,CNN,7,61,0.32221802,0.39927374,0.05253142,0.05872535,1,False
ETTm1,CNN,7,62,0.32205626,0.39728299,0.05354916,0.05908961,1,False
ETTm1,CNN,7,63,0.32204834,0.40043814,0.05847324,0.05857386,1,False
ETTm1,CNN,7,64,0.32209754,0.39999458,0.06595319,0.06018387,1,False
ETTm1,CNN,7,65,0.32182313,0.39607128,0.06236228,0.06198218,1,False
ETTm1,CNN,7,66,0.32234377,0.40289507,0.06058149,0.06467354,1,False
ETTm1,CNN,7,67,0.32261833,0.39621239,0.06254068,0.06301104,1,False
ETTm1,CNN,7,68,0.32272805,0.40187075,0.07193006,0.06332207,1,False
ETTm1,CNN,7,69,0.32209622,0.39486969,0.05764068,0.06572688,1,False
ETTm1,CNN,7,70,0.32289943,0.39904523,0.06391741,0.06552337,1,False
ETTm1,CNN,7,71,0.32221196,0.40236498,0.07260555,0.06386633,1,False
ETTm1,CNN,7,72,0.32262202,0.40034846,0.06152313,0.06606866,1,False
ETTm1,CNN,7,73,0.32182949,0.40519589,0.06364485,0.06455017,1,False
ETTm1,CNN,7,74,0.3219591,0.40352159,0.06865236,0.06022434,1,False
ETTm1,CNN,7,75,0.32186064,0.40186241,0.05632496,0.05937809,1,False
ETTm1,CNN,7,76,0.322205,0.39796952,0.05097641,0.05866313,1,False
ETTm1,CNN,7,77,0.32182887,0.40169711,0.05729185,0.05767113,1,False
ETTm1,CNN,7,78,0.32165315,0.40076553,0.06007006,0.05785651,1,False
ETTm1,CNN,7,79,0.32190855,0.39761178,0.06369238,0.05957653,1,False
ETTm1,CNN,7,80,0.3216179,0.39967019,0.05725184,0.06033809,1,False
ETTm2,DLinear,7,1,0.2563936,0.13876003,1.43983523,0.79093904,0,False
ETTm2,DLinear,7,2,0.23979335,0.14220391,0.55643059,0.6639494,0,False
ETTm2,DLinear,7,3,0.23635878,0.14350654,0.37655131,0.57671373,0,False
ETTm2,DLinear,7,4,0.23379827,0.13492513,0.28298047,0.3265026,0,False
ETTm2,DLinear,7,5,0.23257346,0.13593909,0.22777106,0.24804545,0,False
ETTm2,DLinear,7,6,0.23168186,0.14001658,0.18877959,0.20009745,0,False
ETTm2,DLinear,7,7,0.23109568,0.13174984,0.16414481,0.16821362,0,False
ETTm2,DLinear,7,8,0.23135425,0.13508832,0.13681131,0.14421948,0,False
ETTm2,DLinear,7,9,0.23038638,0.13255172,0.12356131,0.12569744,0,False
ETTm2,DLinear,7,10,0.23038207,0.13752,0.10780036,0.10967812,0,False
ETTm2,DLinear,7,11,0.22999299,0.13253376,0.09616941,0.09837133,0,False
ETTm2,DLinear,7,12,0.22987818,0.13212127,0.08404822,0.08722502,0,False
ETTm2,DLinear,7,13,0.22976687,0.13139351,0.08027735,0.07821407,0,False
ETTm2,DLinear,7,14,0.22960616,0.13151633,0.06782976,0.07045079,0,False
ETTm2,DLinear,7,15,0.22975804,0.13049479,0.06274561,0.06472489,0,False
ETTm2,DLinear,7,16,0.2318097,0.13353792,0.05735302,0.06050355,0,False
ETTm2,DLinear,7,17,0.2296854,0.13238971,0.05541872,0.05713006,1,True
ETTm2,DLinear,7,18,0.22952857,0.1407102,0.05917065,0.05470301,1,False
ETTm2,DLinear,7,19,0.22962612,0.13429597,0.0509623,0.05426051,1,False
ETTm2,DLinear,7,20,0.22947128,0.14095304,0.05061036,0.05227782,1,False
ETTm2,DLinear,7,21,0.22948302,0.13343575,0.05514053,0.04799741,1,False
ETTm2,DLinear,7,22,0.22943556,0.13215936,0.04550525,0.04751022,1,False
ETTm2,DLinear,7,23,0.22953476,0.13455128,0.03776863,0.04776568,1,False
ETTm2,DLinear,7,24,0.22955677,0.13183241,0.04852632,0.04698355,1,False
ETTm2,DLinear,7,25,0.22943351,0.1357286,0.05188767,0.04558052,1,False
ETTm2,DLinear,7,26,0.22949331,0.13060777,0.05122987,0.04596283,1,False
ETTm2,DLinear,7,27,0.22949768,0.1332879,0.03849013,0.04400743,1,False
ETTm2,DLinear,7,28,0.22937378,0.13301675,0.03968015,0.03987671,1,False
ETTm2,DLinear,7,29,0.22949096,0.1359051,0.03874934,0.03757968,1,False
ETTm2,DLinear,7,30,0.23059078,0.13207468,0.03123407,0.0367674,1,False
ETTm2,DLinear,7,31,0.22935392,0.13273137,0.03974472,0.03424546,1,False
ETTm2,DLinear,7,32,0.22937519,0.13356222,0.03442874,0.03345453,1,False
ETTm2,DLinear,7,33,0.22941127,0.13326,0.02707044,0.03682295,1,False
ETTm2,DLinear,7,34,0.22990915,0.13666894,0.03479467,0.03900346,1,False
ETTm2,DLinear,7,35,0.22941845,0.12957247,0.0480762,0.03975139,1,False
ETTm2,DLinear,7,36,0.22933761,0.13605962,0.05064726,0.04065311,1,False
ETTm2,DLinear,7,37,0.22984625,0.13142129,0.03816838,0.04315043,1,False
ETTm2,DLinear,7,38,0.22991385,0.13075001,0.03157903,0.04110873,1,False
ETTm2,DLinear,7,39,0.22946141,0.13805124,0.04728126,0.03872143,1,False
ETTm2,DLinear,7,40,0.22943096,0.14161428,0.0378677,0.03928028,1,False
ETTm2,DLinear,7,41,0.22932184,0.13402349,0.03871077,0.04477821,1,False
ETTm2,DLinear,7,42,0.22962653,0.14211195,0.04096264,0.04515678,1,False
ETTm2,DLinear,7,43,0.22939941,0.13296933,0.05906868,0.044275,1,False
ETTm2,DLinear,7,44,0.22932447,0.13576457,0.04917411,0.04347035,1,False
ETTm2,DLinear,7,45,0.22933609,0.13401306,0.03345879,0.04207184,1,False
ETTm2,DLinear,7,46,0.22937143,0.1377825,0.03468752,0.04068502,1,False
ETTm2,DLinear,7,47,0.23055621,0.14140055,0.03397012,0.04217627,1,False
ETTm2,DLinear,7,48,0.22958219,0.13252911,0.05213457,0.04360225,1,False
ETTm2,DLinear,7,49,0.22929879,0.14335523,0.05663032,0.04310501,1,False
ETTm2,DLinear,7,50,0.22925518,0.13854412,0.04058873,0.04257168,1,False
ETTm2,DLinear,7,51,0.22935235,0.13796137,0.0322013,0.03971813,1,False
ETTm2,DLinear,7,52,0.22935771,0.13439529,0.03130349,0.03284035,1,False
ETTm2,DLinear,7,53,0.22927789,0.13419923,0.03786681,0.03173935,1,False
ETTm2,DLinear,7,54,0.22967198,0.13551822,0.02224142,0.03804545,1,False
ETTm2,DLinear,7,55,0.22936347,0.13381204,0.03508374,0.04280666,1,False
ETTm2,DLinear,7,56,0.22927382,0.13015323,0.06373179,0.04230858,1,False
ETTm2,DLinear,7,57,0.22951071,0.13784197,0.05510954,0.04609702,1,False
ETTm2,DLinear,7,58,0.22934804,0.14127853,0.03537641,0.04813984,1,False
ETTm2,DLinear,7,59,0.22953407,0.13485332,0.04118363,0.04967187,1,False
ETTm2,DLinear,7,60,0.22943243,0.13498608,0.04529782,0.05273151,1,False
ETTm2,DLinear,7,61,0.23002601,0.13335315,0.07139197,0.0570991,1,False
ETTm2,DLinear,7,62,0.22944707,0.14729024,0.07040775,0.05670961,1,False
ETTm2,DLinear,7,63,0.22945406,0.13415272,0.05721432,0.05489974,1,False
ETTm2,DLinear,7,64,0.22927899,0.13564632,0.03923622,0.04607102,1,False
ETTm2,DLinear,7,65,0.22936901,0.13819714,0.03624845,0.04505552,1,False
ETTm2,DLinear,7,66,0.22956215,0.13557221,0.02724837,0.04110786,1,False
ETTm2,DLinear,7,67,0.22923929,0.1308809,0.06533025,0.04139841,1,False
ETTm2,DLinear,7,68,0.22933973,0.13141757,0.03747602,0.04157607,1,False
ETTm2,DLinear,7,69,0.22935407,0.13547862,0.04068895,0.04381995,1,False
ETTm2,DLinear,7,70,0.22928757,0.13725345,0.03713674,0.04084764,1,False
ETTm2,DLinear,7,71,0.23002514,0.14432763,0.03846778,0.04394357,1,False
ETTm2,DLinear,7,72,0.22936453,0.13410283,0.05046872,0.04869736,1,False
ETTm2,DLinear,7,73,0.22948282,0.12954311,0.05295567,0.04935037,1,False
ETTm2,DLinear,7,74,0.22952717,0.14129936,0.0644579,0.04862999,1,False
ETTm2,DLinear,7,75,0.22945474,0.13388847,0.04040176,0.04598875,1,False
ETTm2,DLinear,7,76,0.22952664,0.13512605,0.03486591,0.04349178,1,False
ETTm2,DLinear,7,77,0.22942363,0.13640983,0.03726252,0.0377671,1,False
ETTm2,DLinear,7,78,0.22935002,0.14251221,0.0404708,0.03415448,1,False
ETTm2,DLinear,7,79,0.22940676,0.13578661,0.03583453,0.03397662,1,False
ETTm2,DLinear,7,80,0.22936011,0.13566189,0.02233864,0.03288132,1,False
ETTm2,MLP,7,1,0.30474354,0.16224972,2.24948291,1.17935609,0,False
ETTm2,MLP,7,2,0.24960859,0.15004575,0.76103183,0.979949,0,False
ETTm2,MLP,7,3,0.24173343,0.14272501,0.52755354,0.8441943,0,False
ETTm2,MLP,7,4,0.23801573,0.14843039,0.38172771,0.44749566,0,False
ETTm2,MLP,7,5,0.23620613,0.1379716,0.30117553,0.34292976,0,False
ETTm2,MLP,7,6,0.23468439,0.14041035,0.26598969,0.28196248,0,False
ETTm2,MLP,7,7,0.23349483,0.13888964,0.2382023,0.24805653,1,False
ETTm2,MLP,7,8,0.23249304,0.14512672,0.22271717,0.22983097,1,False
ETTm2,MLP,7,9,0.23182425,0.1371461,0.21219796,0.21837001,1,False
ETTm2,MLP,7,10,0.23098253,0.14555344,0.21004774,0.21286885,1,False
ETTm2,MLP,7,11,0.23031313,0.14786981,0.20868486,0.21070759,1,False
ETTm2,MLP,7,12,0.22969148,0.14032781,0.21069654,0.21156009,1,False
ETTm2,MLP,7,13,0.22898429,0.14367163,0.21191084,0.21426065,1,False
ETTm2,MLP,7,14,0.22769688,0.14625254,0.21646049,0.2177242,1,False
ETTm2,MLP,7,15,0.22692903,0.13367174,0.22355052,0.22204369,1,False
ETTm2,MLP,7,16,0.22619694,0.14280678,0.22600262,0.227084,1,False
ETTm2,MLP,7,17,0.22494036,0.13706838,0.23229399,0.23048338,1,False
ETTm2,MLP,7,18,0.22426051,0.13585038,0.23711241,0.23136379,1,False
ETTm2,MLP,7,19,0.22317671,0.13126,0.23345739,0.2317483,1,False
ETTm2,MLP,7,20,0.22224118,0.12952787,0.22795256,0.23006542,1,False
ETTm2,MLP,7,21,0.22143717,0.13286808,0.22792514,0.22639257,1,False
ETTm2,MLP,7,22,0.22040753,0.13110465,0.22387962,0.22204136,1,False
ETTm2,MLP,7,23,0.21975262,0.14211766,0.21874814,0.21774478,1,False
ETTm2,MLP,7,24,0.21897251,0.14433499,0.21170135,0.21124022,1,False
ETTm2,MLP,7,25,0.21855876,0.13217603,0.20646964,0.20301338,1,False
ETTm2,MLP,7,26,0.2176719,0.13140482,0.19540235,0.19414091,1,False
ETTm2,MLP,7,27,0.21719642,0.13526008,0.18274543,0.1863031,1,False
ETTm2,MLP,7,28,0.21670312,0.13014469,0.17438576,0.17815157,1,False
ETTm2,MLP,7,29,0.21620082,0.13536296,0.17251231,0.17109732,1,False
ETTm2,MLP,7,30,0.21580117,0.13026425,0.16571199,0.16695229,1,False
ETTm2,MLP,7,31,0.21567469,0.13601782,0.16013112,0.16310701,1,False
ETTm2,MLP,7,32,0.21476981,0.12783982,0.16202027,0.15974868,1,False
ETTm2,MLP,7,33,0.21473799,0.12810827,0.15515936,0.16058006,1,False
ETTm2,MLP,7,34,0.21502935,0.12935945,0.15572064,0.16113102,1,False
ETTm2,MLP,7,35,0.21412581,0.13288629,0.16986891,0.15774014,1,False
ETTm2,MLP,7,36,0.21443828,0.12772413,0.16288593,0.15565897,1,False
ETTm2,MLP,7,37,0.21330866,0.1303464,0.14506587,0.15503683,1,False
ETTm2,MLP,7,38,0.21300952,0.13021112,0.14475347,0.15066715,1,False
ETTm2,MLP,7,39,0.21235599,0.13277871,0.15260995,0.14689704,1,False
ETTm2,MLP,7,40,0.21200145,0.14185094,0.14802051,0.14712631,1,False
ETTm2,MLP,7,41,0.21164854,0.13621992,0.14403538,0.1467035,1,False
ETTm2,MLP,7,42,0.21140321,0.12779198,0.14621223,0.14432161,1,False
ETTm2,MLP,7,43,0.21214731,0.14435546,0.14263942,0.14190199,1,False
ETTm2,MLP,7,44,0.21161874,0.14024294,0.14070052,0.14112966,1,False
ETTm2,MLP,7,45,0.21047858,0.12923461,0.1359224,0.13937902,1,False
ETTm2,MLP,7,46,0.21063567,0.12730461,0.14017372,0.13690129,1,False
ETTm2,MLP,7,47,0.21026376,0.12816657,0.13745905,0.13521064,1,False
ETTm2,MLP,7,48,0.21027835,0.13586447,0.13025077,0.13504797,1,False
ETTm2,MLP,7,49,0.20976908,0.12703982,0.13224729,0.13352106,1,False
ETTm2,MLP,7,50,0.20973661,0.13768161,0.13510901,0.13281168,1,False
ETTm2,MLP,7,51,0.20919784,0.12592888,0.13253917,0.13329349,1,False
ETTm2,MLP,7,52,0.20926823,0.13706067,0.13391217,0.13476319,1,False
ETTm2,MLP,7,53,0.20886592,0.12861834,0.13265981,0.13387917,1,False
ETTm2,MLP,7,54,0.20888319,0.1349799,0.1395958,0.135599,1,False
ETTm2,MLP,7,55,0.20953278,0.15240588,0.13068891,0.13542078,1,False
ETTm2,MLP,7,56,0.21023063,0.12949614,0.14113831,0.13522965,1,False
ETTm2,MLP,7,57,0.20785537,0.13150873,0.13302106,0.1327168,1,False
ETTm2,MLP,7,58,0.20820761,0.13337193,0.13170415,0.1308596,1,False
ETTm2,MLP,7,59,0.20815026,0.13099532,0.12703156,0.1292444,1,False
ETTm2,MLP,7,60,0.20792106,0.13227335,0.12140292,0.12787817,1,False
ETTm2,MLP,7,61,0.20753967,0.12794213,0.13306229,0.12906106,1,False
ETTm2,MLP,7,62,0.20748306,0.14105319,0.12618994,0.12750613,1,False
ETTm2,MLP,7,63,0.20746423,0.13125713,0.13761858,0.12552312,1,False
ETTm2,MLP,7,64,0.20716018,0.1283774,0.11925693,0.12154422,1,False
ETTm2,MLP,7,65,0.20726156,0.12720242,0.11148787,0.11925546,1,False
ETTm2,MLP,7,66,0.20668363,0.12754887,0.11316779,0.11496002,1,False
ETTm2,MLP,7,67,0.20700772,0.13472687,0.11474612,0.11756665,1,False
ETTm2,MLP,7,68,0.20654062,0.12934129,0.11614139,0.1176682,1,False
ETTm2,MLP,7,69,0.20721042,0.13420561,0.13229006,0.11792406,1,False
ETTm2,MLP,7,70,0.20636182,0.12685916,0.11199562,0.12053767,1,False
ETTm2,MLP,7,71,0.20601048,0.12632048,0.11444714,0.12180839,1,False
ETTm2,MLP,7,72,0.20599672,0.13256136,0.12781413,0.11680212,1,False
ETTm2,MLP,7,73,0.20608209,0.12460086,0.12249502,0.14820752,1,False
ETTm2,MLP,7,74,0.20611998,0.13151637,0.10725869,0.42032714,2,True
ETTm2,MLP,7,75,0.21305788,0.37302935,0.26902263,0.47424107,2,False
ETTm2,MLP,7,76,0.24747744,0.12901591,1.47504523,0.50750187,2,False
ETTm2,MLP,7,77,0.21294276,0.14320967,0.39738377,0.53430324,2,False
ETTm2,MLP,7,78,0.21090789,0.13420136,0.28879903,0.51869879,2,False
ETTm2,MLP,7,79,0.20950571,0.13314799,0.24126556,0.27961218,2,False
ETTm2,MLP,7,80,0.20851048,0.12767667,0.19100037,0.24035499,2,False
ETTm2,CNN,7,1,0.31982326,0.14371647,2.21439962,1.14433945,0,False
ETTm2,CNN,7,2,0.25040184,0.14319322,0.72902868,0.9549276,0,False
ETTm2,CNN,7,3,0.24337466,0.1373884,0.48959003,0.82670853,0,False
ETTm2,CNN,7,4,0.24008227,0.17019489,0.38669206,0.43801864,0,False
ETTm2,CNN,7,5,0.23780475,0.14910223,0.31383226,0.3429441,0,False
ETTm2,CNN,7,6,0.23662127,0.1368847,0.27095016,0.29215176,0,False
ETTm2,CNN,7,7,0.23477609,0.13784059,0.253656,0.25615747,0,False
ETTm2,CNN,7,8,0.23445503,0.14624156,0.23562834,0.23262456,0,False
ETTm2,CNN,7,9,0.23485745,0.13142691,0.20672058,0.21402166,0,False
ETTm2,CNN,7,10,0.23261403,0.14919238,0.19616771,0.19784191,1,True
ETTm2,CNN,7,11,0.232597,0.13457459,0.17793566,0.18486075,1,False
ETTm2,CNN,7,12,0.2313276,0.14308018,0.17275726,0.17790453,1,False
ETTm2,CNN,7,13,0.2308858,0.14037723,0.17072255,0.17117693,1,False
ETTm2,CNN,7,14,0.23083994,0.13354516,0.17193947,0.16651593,1,False
ETTm2,CNN,7,15,0.23080381,0.13394729,0.16252969,0.1629304,1,False
ETTm2,CNN,7,16,0.22943901,0.13766468,0.15463065,0.16162384,1,False
ETTm2,CNN,7,17,0.22906116,0.13973093,0.15482965,0.16088786,1,False
ETTm2,CNN,7,18,0.22873716,0.1339561,0.16418971,0.15996839,1,False
ETTm2,CNN,7,19,0.22829917,0.13054698,0.16825958,0.16015955,1,False
ETTm2,CNN,7,20,0.22765678,0.13406932,0.15793234,0.16108003,1,False
ETTm2,CNN,7,21,0.22724247,0.13560293,0.15558649,0.15992756,1,False
ETTm2,CNN,7,22,0.22697285,0.15112036,0.15943201,0.15884153,1,False
ETTm2,CNN,7,23,0.22695679,0.1555376,0.15842735,0.15868455,1,False
ETTm2,CNN,7,24,0.22672926,0.14131992,0.16282947,0.15872362,1,False
ETTm2,CNN,7,25,0.22682916,0.17403648,0.1571474,0.15542227,1,False
ETTm2,CNN,7,26,0.22630722,0.14169981,0.15578186,0.15127667,1,False
ETTm2,CNN,7,27,0.22500866,0.15107854,0.14292524,0.14420838,1,False
ETTm2,CNN,7,28,0.22481865,0.15049651,0.13769939,0.13699823,1,False
ETTm2,CNN,7,29,0.22473921,0.16569217,0.127488,0.12875397,1,False
ETTm2,CNN,7,30,0.22472578,0.13364892,0.12109665,0.12325693,1,False
ETTm2,CNN,7,31,0.22408467,0.14150584,0.1145606,0.12154336,1,False
ETTm2,CNN,7,32,0.22393155,0.14282231,0.11544001,0.11903525,1,False
ETTm2,CNN,7,33,0.22382283,0.13950245,0.12913155,0.12039971,1,False
ETTm2,CNN,7,34,0.22379237,0.15008323,0.11494743,0.11753839,1,False
ETTm2,CNN,7,35,0.22327747,0.13320872,0.12791895,0.11723799,1,False
ETTm2,CNN,7,36,0.22308245,0.13312416,0.100254,0.11230691,1,False
ETTm2,CNN,7,37,0.22260127,0.14186402,0.11393804,0.10906802,1,False
ETTm2,CNN,7,38,0.22234198,0.14096383,0.10447616,0.10360128,1,False
ETTm2,CNN,7,39,0.22256332,0.13948376,0.09875295,0.10323251,1,False
ETTm2,CNN,7,40,0.22303729,0.15070867,0.10058525,0.10013489,1,False
ETTm2,CNN,7,41,0.22380441,0.15065704,0.09841015,0.0981263,1,False
ETTm2,CNN,7,42,0.22245148,0.13690779,0.09844995,0.09580997,1,False
ETTm2,CNN,7,43,0.22192361,0.13751236,0.09443321,0.09237496,1,False
ETTm2,CNN,7,44,0.22197899,0.13604797,0.08717129,0.08961014,1,False
ETTm2,CNN,7,45,0.22179355,0.14032699,0.08341017,0.0873595,1,False
ETTm2,CNN,7,46,0.22166699,0.14598093,0.08458607,0.08387584,1,False
ETTm2,CNN,7,47,0.22278643,0.1352963,0.08719675,0.08580102,1,False
ETTm2,CNN,7,48,0.22201754,0.14317051,0.07701491,0.08828052,1,False
ETTm2,CNN,7,49,0.22164574,0.16342747,0.09679722,0.08616156,1,False
ETTm2,CNN,7,50,0.22122607,0.14861797,0.09580764,0.08691497,1,False
ETTm2,CNN,7,51,0.22145766,0.1456552,0.07399127,0.08965969,1,False
ETTm2,CNN,7,52,0.22134548,0.13489748,0.09096383,0.08771535,1,False
ETTm2,CNN,7,53,0.22136691,0.14550672,0.09073851,0.08384608,1,False
ETTm2,CNN,7,54,0.22152358,0.13732783,0.08707548,0.08446474,1,False
ETTm2,CNN,7,55,0.22124575,0.14447077,0.0764613,0.08227599,1,False
ETTm2,CNN,7,56,0.22079635,0.13657372,0.07708457,0.08036708,1,False
ETTm2,CNN,7,57,0.22094238,0.14969306,0.08002006,0.07754066,1,False
ETTm2,CNN,7,58,0.22068455,0.14111569,0.08119401,0.07920703,1,False
ETTm2,CNN,7,59,0.22093379,0.1599436,0.07294334,0.08022442,1,False
ETTm2,CNN,7,60,0.22077572,0.14443119,0.08479317,0.0806254,1,False
ETTm2,CNN,7,61,0.22083155,0.14539276,0.08217152,0.08059941,1,False
ETTm2,CNN,7,62,0.22060459,0.1513721,0.08202497,0.08278101,1,False
ETTm2,CNN,7,63,0.22064906,0.14618452,0.08106407,0.08586537,1,False
ETTm2,CNN,7,64,0.22082787,0.14480237,0.08385132,0.09009449,1,False
ETTm2,CNN,7,65,0.22057282,0.15803186,0.10021495,0.09439979,1,False
ETTm2,CNN,7,66,0.22008148,0.14479284,0.10331715,0.0996546,1,False
ETTm2,CNN,7,67,0.22044173,0.14084413,0.10355147,0.10298986,1,False
ETTm2,CNN,7,68,0.22070452,0.14092029,0.1073381,0.10400625,1,False
ETTm2,CNN,7,69,0.21979737,0.14664896,0.10052764,0.10340897,1,False
ETTm2,CNN,7,70,0.21940797,0.1362843,0.10529686,0.09965507,1,False
ETTm2,CNN,7,71,0.21947715,0.14927447,0.10033077,0.09578652,1,False
ETTm2,CNN,7,72,0.21933232,0.1408463,0.08478196,0.09254022,1,False
ETTm2,CNN,7,73,0.21911593,0.14557633,0.08799535,0.08966572,1,False
ETTm2,CNN,7,74,0.22010387,0.14348177,0.08429616,0.08732499,1,False
ETTm2,CNN,7,75,0.2192944,0.15447003,0.09092437,0.0873522,1,False
ETTm2,CNN,7,76,0.21900917,0.14197203,0.08862712,0.08547453,1,False
ETTm2,CNN,7,77,0.21940131,0.15018925,0.084918,0.08536746,1,False
ETTm2,CNN,7,78,0.21932141,0.14316701,0.078607,0.08471139,1,False
ETTm2,CNN,7,79,0.21866263,0.15236552,0.08376082,0.08373246,1,False
ETTm2,CNN,7,80,0.21839437,0.15304907,0.087644,0.08333727,1,False
weather,DLinear,7,1,0.51534781,0.46763947,1.78369127,0.82579141,0,False
weather,DLinear,7,2,0.49444703,0.46355905,0.4536857,0.65990647,0,False
weather,DLinear,7,3,0.49239687,0.46346053,0.23999725,0.54866074,0,False
weather,DLinear,7,4,0.4920323,0.46124934,0.16225167,0.20825048,0,False
weather,DLinear,7,5,0.4918881,0.46213438,0.10367783,0.12741313,0,False
weather,DLinear,7,6,0.49203263,0.46129628,0.08163995,0.09327843,0,False
weather,DLinear,7,7,0.49167237,0.46243785,0.04949895,0.0708328,1,True
weather,DLinear,7,8,0.49205827,0.46083071,0.06932374,0.06489218,1,False
weather,DLinear,7,9,0.49175711,0.46149596,0.05002356,0.06128676,1,False
weather,DLinear,7,10,0.49188457,0.46197508,0.0739747,0.06182614,1,False
weather,DLinear,7,11,0.49168003,0.46448461,0.06361283,0.0630707,1,False
weather,DLinear,7,12,0.49202476,0.46257834,0.05219589,0.07036643,1,False
weather,DLinear,7,13,0.49183598,0.46229515,0.07554654,0.06740713,1,False
weather,DLinear,7,14,0.49295378,0.46278619,0.08650217,0.07255868,1,False
weather,DLinear,7,15,0.49174794,0.46186108,0.05917823,0.08007015,1,False
weather,DLinear,7,16,0.49225039,0.45920247,0.08937059,0.07599477,1,False
weather,DLinear,7,17,0.49186875,0.46207538,0.08975324,0.06780702,1,False
weather,DLinear,7,18,0.49188724,0.46255199,0.05516964,0.06846123,1,False
weather,DLinear,7,19,0.49159818,0.46309429,0.04556342,0.0656055,1,False
weather,DLinear,7,20,0.4917157,0.46168813,0.06244929,0.05670065,1,False
weather,DLinear,7,21,0.49192989,0.46189863,0.07509194,0.05560967,1,False
weather,DLinear,7,22,0.49167187,0.462071,0.04522895,0.05874401,1,False
weather,DLinear,7,23,0.49176775,0.4625185,0.04971477,0.05880454,1,False
weather,DLinear,7,24,0.49201498,0.46088145,0.06123511,0.05621278,1,False
weather,DLinear,7,25,0.49175099,0.46108591,0.06275192,0.05527105,1,False
weather,DLinear,7,26,0.49160623,0.46195542,0.06213317,0.05597937,1,False
weather,DLinear,7,27,0.49183549,0.46155811,0.04052031,0.05824639,1,False
weather,DLinear,7,28,0.49176012,0.46203426,0.05325633,0.05780484,1,False
weather,DLinear,7,29,0.4917684,0.46319293,0.07257023,0.06137522,1,False
weather,DLinear,7,30,0.49164983,0.46196337,0.06054418,0.06411625,1,False
weather,DLinear,7,31,0.49174936,0.4614966,0.07998504,0.06881675,1,False
weather,DLinear,7,32,0.49170893,0.46242883,0.05422546,0.06596648,1,False
weather,DLinear,7,33,0.49202812,0.46142374,0.07675886,0.06883975,1,False
weather,DLinear,7,34,0.49314923,0.46282011,0.05831884,0.06626102,1,False
weather,DLinear,7,35,0.49166113,0.46144345,0.07491057,0.0698113,1,False
weather,DLinear,7,36,0.49187594,0.46168233,0.06709137,0.06624871,1,False
weather,DLinear,7,37,0.4917514,0.46254578,0.07197688,0.06835106,1,False
weather,DLinear,7,38,0.49168849,0.46296928,0.05894589,0.06868887,1,False
weather,DLinear,7,39,0.49153645,0.46320614,0.0688306,0.0676823,1,False
weather,DLinear,7,40,0.49172989,0.46292753,0.07659959,0.06489172,1,False
weather,DLinear,7,41,0.49190992,0.46130235,0.06205853,0.06619125,1,False
weather,DLinear,7,42,0.4931611,0.46126026,0.05802399,0.06358228,1,False
weather,DLinear,7,43,0.49181464,0.46326697,0.06544354,0.05904755,1,False
weather,DLinear,7,44,0.49168772,0.46224417,0.05578573,0.05643816,1,False
weather,DLinear,7,45,0.49189399,0.46194403,0.05392593,0.05291372,1,False
weather,DLinear,7,46,0.49201974,0.46290923,0.04901158,0.05246785,1,False
weather,DLinear,7,47,0.49162483,0.46285833,0.04040183,0.05070459,1,False
weather,DLinear,7,48,0.49172288,0.46105074,0.06321419,0.05311633,1,False
weather,DLinear,7,49,0.49324188,0.46204019,0.0469694,0.05531551,1,False
weather,DLinear,7,50,0.49161053,0.4611759,0.06598464,0.05950577,1,False
weather,DLinear,7,51,0.49171127,0.4627047,0.06000752,0.06302581,1,False
weather,DLinear,7,52,0.49170838,0.4611855,0.06135311,0.06599239,1,False
weather,DLinear,7,53,0.49172109,0.46282081,0.0808144,0.06636161,1,False
weather,DLinear,7,54,0.491654,0.46339195,0.0618023,0.06611699,1,False
weather,DLinear,7,55,0.49179872,0.46270543,0.06783072,0.06662065,1,False
weather,DLinear,7,56,0.49170573,0.46166355,0.05878442,0.06194688,1,False
weather,DLinear,7,57,0.49166496,0.4631087,0.06387141,0.05968,1,False
weather,DLinear,7,58,0.49203985,0.46224605,0.05744556,0.0579224,1,False
weather,DLinear,7,59,0.49309251,0.46208707,0.05046789,0.0635418,1,False
weather,DLinear,7,60,0.49172089,0.46395945,0.05904272,0.06572442,1,False
weather,DLinear,7,61,0.49183713,0.46180692,0.08688141,0.0628644,1,False
weather,DLinear,7,62,0.49451974,0.46279662,0.07478454,0.06286724,1,False
weather,DLinear,7,63,0.49166036,0.46218842,0.04314547,0.06077975,1,False
weather,DLinear,7,64,0.49185648,0.4641462,0.05048208,0.05781726,1,False
weather,DLinear,7,65,0.49165726,0.46431597,0.04860524,0.05339843,1,False
weather,DLinear,7,66,0.49174865,0.46188585,0.07206898,0.05826461,1,False
weather,DLinear,7,67,0.49309686,0.46170766,0.05269037,0.06865217,1,False
weather,DLinear,7,68,0.49251588,0.46373643,0.06747637,0.06930165,1,False
weather,DLinear,7,69,0.49170878,0.46303517,0.1024199,0.07160957,1,False
weather,DLinear,7,70,0.49184722,0.46292629,0.05185262,0.07653013,1,False
weather,DLinear,7,71,0.49164882,0.46198161,0.08360861,0.0737458,1,False
weather,DLinear,7,72,0.49209695,0.46112035,0.07729318,0.06626454,1,False
weather,DLinear,7,73,0.49178325,0.46189134,0.05355469,0.06622508,1,False
weather,DLinear,7,74,0.49162722,0.46383544,0.06501362,0.06164466,1,False
weather,DLinear,7,75,0.49198773,0.46218224,0.05165532,0.06427651,1,False
weather,DLinear,7,76,0.49197651,0.461705,0.0607065,0.06899299,1,False
weather,DLinear,7,77,0.49178343,0.46305247,0.09045244,0.06879999,1,False
weather,DLinear,7,78,0.49155606,0.46182528,0.07713706,0.06934344,1,False
weather,DLinear,7,79,0.4920798,0.46218601,0.06404865,0.07150267,1,False
weather,DLinear,7,80,0.49174934,0.46127154,0.05437254,0.06518608,1,False
weather,MLP,7,1,0.5745856,0.47874566,2.98336656,1.45737588,0,False
weather,MLP,7,2,0.49522161,0.465987,0.83190161,1.20937036,0,False
weather,MLP,7,3,0.48731976,0.46350129,0.55685947,1.05143438,0,False
weather,MLP,7,4,0.48265658,0.45991478,0.4653538,0.53249455,0,False
weather,MLP,7,5,0.47961338,0.45674461,0.41969045,0.43891701,0,False
weather,MLP,7,6,0.47661154,0.45315739,0.38866741,0.39508432,0,False
weather,MLP,7,7,0.47432539,0.45085811,0.36401394,0.3663468,0,False
weather,MLP,7,8,0.47255056,0.44864082,0.33769601,0.34449292,1,True
weather,MLP,7,9,0.47038695,0.44809593,0.32166617,0.32374531,1,False
weather,MLP,7,10,0.46912391,0.44398871,0.31042104,0.30537416,1,False
weather,MLP,7,11,0.46761044,0.44397692,0.28492936,0.29095086,1,False
weather,MLP,7,12,0.46627597,0.44360622,0.27215823,0.27780537,1,False
weather,MLP,7,13,0.46505656,0.44258523,0.26557951,0.26688092,1,False
weather,MLP,7,14,0.46414901,0.44143422,0.25593871,0.2597362,1,False
weather,MLP,7,15,0.46294774,0.44324929,0.2557988,0.25378833,1,False
weather,MLP,7,16,0.46203421,0.443339,0.24920577,0.24902145,1,False
weather,MLP,7,17,0.4610923,0.43618693,0.24241885,0.24695403,1,False
weather,MLP,7,18,0.46175624,0.43514376,0.24174515,0.2431513,1,False
weather,MLP,7,19,0.45916393,0.43680305,0.2456016,0.24083948,1,False
weather,MLP,7,20,0.45871988,0.43352455,0.23678512,0.23898902,1,False
weather,MLP,7,21,0.45756021,0.43238543,0.23764667,0.2366611,1,False
weather,MLP,7,22,0.456613,0.43321974,0.23316655,0.23423228,1,False
weather,MLP,7,23,0.45625901,0.43386733,0.23010554,0.23337172,1,False
weather,MLP,7,24,0.45505349,0.43210625,0.23345752,0.23441416,1,False
weather,MLP,7,25,0.4541853,0.43230373,0.23248231,0.23584825,1,False
weather,MLP,7,26,0.45338844,0.43071117,0.2428589,0.23589798,1,False
weather,MLP,7,27,0.45270465,0.42785904,0.240337,0.23553146,1,False
weather,MLP,7,28,0.45175654,0.42858967,0.23035418,0.23837932,1,False
weather,MLP,7,29,0.45136487,0.42593369,0.23162492,0.23543192,1,False
weather,MLP,7,30,0.45029111,0.42647675,0.24672163,0.23142211,1,False
weather,MLP,7,31,0.449411,0.43214378,0.22812187,0.23019824,1,False
weather,MLP,7,32,0.44905992,0.42560785,0.22028794,0.22832224,1,False
weather,MLP,7,33,0.44810553,0.42584986,0.22423486,0.2215123,1,False
weather,MLP,7,34,0.44719921,0.42283399,0.2222449,0.21947298,1,False
weather,MLP,7,35,0.44666296,0.42226525,0.21267191,0.21797891,1,False
weather,MLP,7,36,0.44596219,0.42009763,0.21792528,0.21504525,1,False
weather,MLP,7,37,0.44517209,0.41987373,0.21281761,0.21206572,1,False
weather,MLP,7,38,0.44483705,0.42091272,0.20956655,0.20836273,1,False
weather,MLP,7,39,0.44411568,0.41937579,0.20734723,0.20294673,1,False
weather,MLP,7,40,0.4435271,0.41941608,0.19415699,0.19758939,1,False
weather,MLP,7,41,0.44300782,0.41974375,0.19084529,0.19489535,1,False
weather,MLP,7,42,0.44271106,0.41751518,0.1860309,0.1912284,1,False
weather,MLP,7,43,0.44187105,0.41488676,0.19609632,0.18866346,1,False
weather,MLP,7,44,0.44145577,0.41721054,0.1890125,0.18596647,1,False
weather,MLP,7,45,0.44095551,0.4188243,0.1813323,0.18535509,1,False
weather,MLP,7,46,0.44062522,0.41827448,0.17736035,0.18240604,1,False
weather,MLP,7,47,0.44058029,0.41341581,0.18297397,0.17965861,1,False
weather,MLP,7,48,0.43977025,0.41599081,0.1813511,0.1763826,1,False
weather,MLP,7,49,0.43939216,0.41441756,0.17527534,0.17344615,1,False
weather,MLP,7,50,0.43919648,0.41526259,0.16495226,0.16970355,1,False
weather,MLP,7,51,0.43882657,0.41406923,0.16267811,0.16475457,1,False
weather,MLP,7,52,0.43843592,0.41754521,0.16426097,0.16132156,1,False
weather,MLP,7,53,0.43796246,0.41338284,0.15660619,0.15914616,1,False
weather,MLP,7,54,0.43796225,0.4118435,0.15811031,0.15856252,1,False
weather,MLP,7,55,0.43753315,0.41239887,0.15407522,0.155374,1,False
weather,MLP,7,56,0.43710144,0.41234008,0.15975992,0.15376746,1,False
weather,MLP,7,57,0.43715053,0.41160545,0.14831836,0.15222994,1,False
weather,MLP,7,58,0.43663144,0.41177955,0.14857351,0.151167,1,False
weather,MLP,7,59,0.43639918,0.41045261,0.15042271,0.15087127,1,False
weather,MLP,7,60,0.43629933,0.41496384,0.1487605,0.14984839,1,False
weather,MLP,7,61,0.43613325,0.41268952,0.15828125,0.14922149,1,False
weather,MLP,7,62,0.43603937,0.41392019,0.14320398,0.14954546,1,False
weather,MLP,7,63,0.43571913,0.4103108,0.14543904,0.1494993,1,False
weather,MLP,7,64,0.43586454,0.41137052,0.15204252,0.14695917,1,False
weather,MLP,7,65,0.43533487,0.40867852,0.14852971,0.14867087,1,False
weather,MLP,7,66,0.43505329,0.41240394,0.14558062,0.14760116,1,False
weather,MLP,7,67,0.43491657,0.40779211,0.15176246,0.14510385,1,False
weather,MLP,7,68,0.43498385,0.40910691,0.14009051,0.14391421,1,False
weather,MLP,7,69,0.43471224,0.40905361,0.13955597,0.14262095,1,False
weather,MLP,7,70,0.43563805,0.40997343,0.14258147,0.13992936,1,False
weather,MLP,7,71,0.43402761,0.4078151,0.13911433,0.13959632,1,False
weather,MLP,7,72,0.43415829,0.40910012,0.13830453,0.13981945,1,False
weather,MLP,7,73,0.43522508,0.40792511,0.13842532,0.14030895,1,False
weather,MLP,7,74,0.43405405,0.40898449,0.14067161,0.14140697,1,False
weather,MLP,7,75,0.43351982,0.40736453,0.14502897,0.14237848,1,False
weather,MLP,7,76,0.43370088,0.40837225,0.1446044,0.1420607,1,False
weather,MLP,7,77,0.43303147,0.4074166,0.14316211,0.14179358,1,False
weather,MLP,7,78,0.43304364,0.40545421,0.13683639,0.13960986,1,False
weather,MLP,7,79,0.43311164,0.4073197,0.13933603,0.13836122,1,False
weather,MLP,7,80,0.43293765,0.40811753,0.13411036,0.13676093,1,False
weather,CNN,7,1,0.55733467,0.45442389,2.73935513,1.35782027,0,False
weather,CNN,7,2,0.47553088,0.43830831,0.81316937,1.11361855,0,False
weather,CNN,7,3,0.46770956,0.43260066,0.5209363,0.9532778,0,False
weather,CNN,7,4,0.46416962,0.43165627,0.38101342,0.45965627,0,False
weather,CNN,7,5,0.46348043,0.42484964,0.31191476,0.34464547,0,False
weather,CNN,7,6,0.46077067,0.4257976,0.27124748,0.28560248,0,False
weather,CNN,7,7,0.45954064,0.42683549,0.2381154,0.25208297,0,False
weather,CNN,7,8,0.45873122,0.41926807,0.22572135,0.22747151,0,False
weather,CNN,7,9,0.45840905,0.42438672,0.21341587,0.20723288,0,False
weather,CNN,7,10,0.45770728,0.41924834,0.18885744,0.19002357,0,False
weather,CNN,7,11,0.45719942,0.41867701,0.17005433,0.17131163,0,False
weather,CNN,7,12,0.45703525,0.41688585,0.15206887,0.1551041,0,False
weather,CNN,7,13,0.45655232,0.41796643,0.13216165,0.14048186,0,False
weather,CNN,7,14,0.45624336,0.41645136,0.13237821,0.13280595,1,True
weather,CNN,7,15,0.45612407,0.41821943,0.11574623,0.12892999,1,False
weather,CNN,7,16,0.45608551,0.42140002,0.13167481,0.12556021,1,False
weather,CNN,7,17,0.45610975,0.41752407,0.13268907,0.11753701,1,False
weather,CNN,7,18,0.45566457,0.41508616,0.11531275,0.11442051,1,False
weather,CNN,7,19,0.45560379,0.4158641,0.09226219,0.12294189,1,False
weather,CNN,7,20,0.45533761,0.41704615,0.10016373,0.12323436,1,False
weather,CNN,7,21,0.45530848,0.41583885,0.17428173,0.12497882,1,False
weather,CNN,7,22,0.45569096,0.41721752,0.13415142,0.12398659,1,False
weather,CNN,7,23,0.45481739,0.4157612,0.12403502,0.12300355,1,False
weather,CNN,7,24,0.45553742,0.41538184,0.08730107,0.10528646,1,False
weather,CNN,7,25,0.45504778,0.41926354,0.09524851,0.09528943,1,False
weather,CNN,7,26,0.45514828,0.41438165,0.08569628,0.08645717,1,False
weather,CNN,7,27,0.45529835,0.41518092,0.08416626,0.08423154,1,False
weather,CNN,7,28,0.45463766,0.41591561,0.07987375,0.08087809,1,False
weather,CNN,7,29,0.45470233,0.41527906,0.07617289,0.07930547,1,False
weather,CNN,7,30,0.45430651,0.41733712,0.07848125,0.07811342,1,False
weather,CNN,7,31,0.45511765,0.4152187,0.0778332,0.07948381,1,False
weather,CNN,7,32,0.45496991,0.41552778,0.07820601,0.08992925,1,False
weather,CNN,7,33,0.45453643,0.41799109,0.08672571,0.09747514,1,False
weather,CNN,7,34,0.45498949,0.41461591,0.12840007,0.09847404,1,False
weather,CNN,7,35,0.45442357,0.41439795,0.11621073,0.09981024,1,False
weather,CNN,7,36,0.45417602,0.41813693,0.08282768,0.10205624,1,False
weather,CNN,7,37,0.45463665,0.41628178,0.084887,0.09517876,1,False
weather,CNN,7,38,0.45470293,0.41645118,0.09795574,0.09737011,1,False
weather,CNN,7,39,0.45403812,0.4164908,0.09401265,0.11094151,1,False
weather,CNN,7,40,0.45446813,0.41696248,0.1271675,0.10879418,1,False
weather,CNN,7,41,0.4541104,0.42176462,0.15068468,0.10812066,1,False
weather,CNN,7,42,0.45454387,0.41760038,0.07415037,0.11161538,1,False
weather,CNN,7,43,0.45464739,0.41392275,0.09458811,0.11195719,1,False
weather,CNN,7,44,0.45456941,0.41731103,0.11148625,0.10535859,1,False
weather,CNN,7,45,0.45374116,0.41579876,0.12887655,0.1088752,1,False
weather,CNN,7,46,0.45393381,0.41402327,0.11769167,0.11235355,1,False
weather,CNN,7,47,0.45413981,0.42040312,0.09173341,0.11178996,1,False
weather,CNN,7,48,0.4537068,0.41891655,0.11197989,0.11281759,1,False
weather,CNN,7,49,0.45366402,0.41797965,0.10866826,0.11718617,1,False
weather,CNN,7,50,0.45474416,0.41683177,0.1340147,0.11526508,1,False
weather,CNN,7,51,0.45476498,0.41806913,0.1395346,0.12191564,1,False
weather,CNN,7,52,0.45473003,0.41470424,0.08212794,0.12735923,1,False
weather,CNN,7,53,0.4531403,0.41715751,0.14523268,0.11613982,1,False
weather,CNN,7,54,0.45369881,0.42282719,0.13588623,0.10199173,1,False
weather,CNN,7,55,0.45319249,0.41571185,0.07791765,0.10163616,1,False
weather,CNN,7,56,0.45322194,0.41479298,0.06879418,0.10159178,1,False
weather,CNN,7,57,0.45361662,0.41600522,0.08035006,0.11961136,1,False
weather,CNN,7,58,0.4542526,0.41534868,0.14501078,0.14926316,1,False
weather,CNN,7,59,0.4532189,0.41753128,0.22598413,0.16164397,1,False
weather,CNN,7,60,0.45343613,0.4159436,0.22617666,0.16716604,1,False
weather,CNN,7,61,0.45307608,0.41710645,0.13069823,0.15562258,1,False
weather,CNN,7,62,0.45301854,0.42102328,0.10796041,0.12844694,1,False
weather,CNN,7,63,0.4535059,0.41474104,0.08729345,0.10103568,1,False
weather,CNN,7,64,0.45289628,0.41421504,0.09010597,0.08992096,1,False
weather,CNN,7,65,0.45229345,0.41494077,0.08912032,0.08183201,1,False
weather,CNN,7,66,0.45310539,0.42184347,0.07512465,0.07928012,1,False
weather,CNN,7,67,0.45286062,0.41708749,0.06751569,0.08392685,1,False
weather,CNN,7,68,0.45284635,0.41685139,0.074534,0.08537722,1,False
weather,CNN,7,69,0.45521197,0.41687014,0.11333958,0.10125461,1,False
weather,CNN,7,70,0.45292727,0.4157978,0.09637218,0.11451419,1,False
weather,CNN,7,71,0.45556152,0.41680951,0.1545116,0.14272709,1,False
weather,CNN,7,72,0.45382416,0.41842978,0.13381361,0.16934041,1,False
weather,CNN,7,73,0.45315421,0.41628345,0.21559851,0.18511294,1,False
weather,CNN,7,74,0.45198808,0.41435902,0.24640615,0.18409998,1,False
weather,CNN,7,75,0.452522,0.41438775,0.17523481,0.17143211,1,False
weather,CNN,7,76,0.45281506,0.41940329,0.14944683,0.14757575,1,False
weather,CNN,7,77,0.45422723,0.4190922,0.07047423,0.11460175,1,False
weather,CNN,7,78,0.45184479,0.41969603,0.09631674,0.0940415,1,False
weather,CNN,7,79,0.45256085,0.42034967,0.08153613,0.08019017,1,False
weather,CNN,7,80,0.45227801,0.41715394,0.07243359,0.08342882,1,False
ETTh1,DLinear,42,1,0.43456298,0.72952507,1.33100243,0.69998735,0,False
ETTh1,DLinear,42,2,0.37386076,0.69406753,0.47185937,0.57832217,0,False
ETTh1,DLinear,42,3,0.36363776,0.68042316,0.29710025,0.49633745,0,False
ETTh1,DLinear,42,4,0.35818192,0.66976985,0.21332663,0.25901929,0,False
ETTh1,DLinear,42,5,0.35809871,0.66874522,0.16839856,0.18974397,0,False
ETTh1,DLinear,42,6,0.35502387,0.66557251,0.14441162,0.15323304,0,False
ETTh1,DLinear,42,7,0.35241252,0.66656928,0.12548279,0.13130485,0,False
ETTh1,DLinear,42,8,0.35144245,0.66678633,0.11454559,0.11680641,0,False
ETTh1,DLinear,42,9,0.35142934,0.66314396,0.10368567,0.10553168,0,False
ETTh1,DLinear,42,10,0.35106521,0.66385402,0.09590639,0.09652143,0,False
ETTh1,DLinear,42,11,0.34951083,0.66602557,0.08803793,0.08904817,0,False
ETTh1,DLinear,42,12,0.34986161,0.66366999,0.08043156,0.08280184,0,False
ETTh1,DLinear,42,13,0.34841147,0.66308452,0.0771793,0.07731194,0,False
ETTh1,DLinear,42,14,0.34911564,0.66181326,0.07245399,0.07265752,1,True
ETTh1,DLinear,42,15,0.34910322,0.66207174,0.0684569,0.06982859,1,False
ETTh1,DLinear,42,16,0.34948953,0.66194807,0.06476582,0.06611649,1,False
ETTh1,DLinear,42,17,0.34740765,0.65844731,0.06628693,0.06304358,1,False
ETTh1,DLinear,42,18,0.34724093,0.65716987,0.05861883,0.06168051,1,False
ETTh1,DLinear,42,19,0.34844346,0.65554568,0.05708943,0.0613769,1,False
ETTh1,DLinear,42,20,0.34797113,0.66317101,0.06164157,0.05989186,1,False
ETTh1,DLinear,42,21,0.34704828,0.65568017,0.06324773,0.0590736,1,False
ETTh1,DLinear,42,22,0.34662446,0.66335542,0.05886173,0.05799923,1,False
ETTh1,DLinear,42,23,0.34754909,0.65655467,0.05452756,0.05710377,1,False
ETTh1,DLinear,42,24,0.35085371,0.65768793,0.05171755,0.05404956,1,False
ETTh1,DLinear,42,25,0.34698867,0.65977959,0.05716426,0.05126104,1,False
ETTh1,DLinear,42,26,0.34628105,0.66132489,0.04797669,0.05032376,1,False
ETTh1,DLinear,42,27,0.34752056,0.66199415,0.04491914,0.04850701,1,False
ETTh1,DLinear,42,28,0.34631925,0.65869834,0.04984113,0.04846494,1,False
ETTh1,DLinear,42,29,0.35055634,0.66069562,0.04263383,0.04756537,1,False
ETTh1,DLinear,42,30,0.34606773,0.66058951,0.05695393,0.04688846,1,False
ETTh1,DLinear,42,31,0.3459479,0.65617102,0.04347885,0.04607739,1,False
ETTh1,DLinear,42,32,0.34718563,0.65922596,0.04153455,0.0462134,1,False
ETTh1,DLinear,42,33,0.34617975,0.6573447,0.04578581,0.04352613,1,False
ETTh1,DLinear,42,34,0.34781742,0.65440879,0.04331387,0.04450104,1,False
ETTh1,DLinear,42,35,0.35029015,0.65207874,0.04351757,0.04349992,1,False
ETTh1,DLinear,42,36,0.34608269,0.65757571,0.04835341,0.04173611,1,False
ETTh1,DLinear,42,37,0.34615835,0.65692201,0.03652894,0.04121886,1,False
ETTh1,DLinear,42,38,0.34735485,0.66024115,0.03696676,0.04101881,1,False
ETTh1,DLinear,42,39,0.34723768,0.65572794,0.0407276,0.03965006,1,False
ETTh1,DLinear,42,40,0.34708653,0.65615917,0.04251735,0.03996823,1,False
ETTh1,DLinear,42,41,0.34592528,0.65450363,0.04150966,0.04002188,1,False
ETTh1,DLinear,42,42,0.34573057,0.65720285,0.0381198,0.03992729,1,False
ETTh1,DLinear,42,43,0.34539306,0.6550952,0.03723497,0.03951179,1,False
ETTh1,DLinear,42,44,0.34657357,0.66078404,0.04025468,0.03787826,1,False
ETTh1,DLinear,42,45,0.34572286,0.65962715,0.04043982,0.03799504,1,False
ETTh1,DLinear,42,46,0.34591692,0.65908727,0.03334205,0.03848107,1,False
ETTh1,DLinear,42,47,0.34782316,0.65946246,0.03870369,0.03684953,1,False
ETTh1,DLinear,42,48,0.34514275,0.66133246,0.0396651,0.03493928,1,False
ETTh1,DLinear,42,49,0.34509695,0.6593855,0.03209701,0.03522115,1,False
ETTh1,DLinear,42,50,0.3458252,0.65836176,0.03088854,0.03517174,1,False
ETTh1,DLinear,42,51,0.34651377,0.66024717,0.03475141,0.03576123,1,False
ETTh1,DLinear,42,52,0.34806394,0.66003038,0.03845665,0.03741424,1,False
ETTh1,DLinear,42,53,0.34618667,0.65702304,0.04261254,0.03900936,1,False
ETTh1,DLinear,42,54,0.34606359,0.66212131,0.04036204,0.03847953,1,False
ETTh1,DLinear,42,55,0.34598995,0.65738935,0.03886414,0.03819519,1,False
ETTh1,DLinear,42,56,0.34596966,0.65731203,0.03210228,0.03757315,1,False
ETTh1,DLinear,42,57,0.34620396,0.66006191,0.03703497,0.03800258,1,False
ETTh1,DLinear,42,58,0.34724925,0.65489612,0.03950231,0.03823253,1,False
ETTh1,DLinear,42,59,0.34920579,0.65898071,0.0425092,0.03949606,1,False
ETTh1,DLinear,42,60,0.34581178,0.66349455,0.04001389,0.03886348,1,False
ETTh1,DLinear,42,61,0.3459,0.65873824,0.03841994,0.0384125,1,False
ETTh1,DLinear,42,62,0.34550951,0.65667191,0.03387207,0.04400211,1,False
ETTh1,DLinear,42,63,0.35392014,0.65565153,0.03724742,0.04439496,1,False
ETTh1,DLinear,42,64,0.34586273,0.65488944,0.07045723,0.04457997,1,False
ETTh1,DLinear,42,65,0.34726342,0.65962175,0.04197815,0.04480203,1,False
ETTh1,DLinear,42,66,0.34581239,0.65921615,0.039345,0.04615307,1,False
ETTh1,DLinear,42,67,0.34786507,0.65682174,0.03498234,0.03923499,1,False
ETTh1,DLinear,42,68,0.3465579,0.65907166,0.04400265,0.03849901,1,False
ETTh1,DLinear,42,69,0.34774273,0.65633334,0.03586683,0.03697069,1,False
ETTh1,DLinear,42,70,0.34514008,0.65703483,0.03829825,0.03667564,1,False
ETTh1,DLinear,42,71,0.34494361,0.66032211,0.03170338,0.03470112,1,False
ETTh1,DLinear,42,72,0.34603333,0.65841361,0.03350708,0.03502157,1,False
ETTh1,DLinear,42,73,0.34571487,0.65994125,0.03413006,0.0359041,1,False
ETTh1,DLinear,42,74,0.34789287,0.65347257,0.03746912,0.03784152,1,False
ETTh1,DLinear,42,75,0.34650988,0.65757069,0.04271086,0.03751106,1,False
ETTh1,DLinear,42,76,0.34583213,0.66052299,0.04139051,0.03743517,1,False
ETTh1,DLinear,42,77,0.34538168,0.65789931,0.03185478,0.03729755,1,False
ETTh1,DLinear,42,78,0.34581705,0.66128217,0.0337506,0.03878235,1,False
ETTh1,DLinear,42,79,0.34792425,0.65856741,0.03678098,0.03813031,1,False
ETTh1,DLinear,42,80,0.34527321,0.66117067,0.0501349,0.04022216,1,False
ETTh1,MLP,42,1,0.65260783,0.98476834,1.93045425,1.15287882,0,False
ETTh1,MLP,42,2,0.46972211,0.8443803,0.89380794,0.96726403,0,False
ETTh1,MLP,42,3,0.42218259,0.76107223,0.63437428,0.83845741,0,False
ETTh1,MLP,42,4,0.40093477,0.73341921,0.41041964,0.5083309,0,False
ETTh1,MLP,42,5,0.39106826,0.71648708,0.32323096,0.378723,0,False
ETTh1,MLP,42,6,0.3857609,0.70353459,0.27982167,0.2947292,0,False
ETTh1,MLP,42,7,0.38029197,0.6991245,0.24576848,0.2501097,0,False
ETTh1,MLP,42,8,0.37629073,0.69128371,0.21440523,0.21905235,0,False
ETTh1,MLP,42,9,0.37319962,0.68688767,0.18732218,0.19283546,0,False
ETTh1,MLP,42,10,0.37056168,0.68302301,0.16794419,0.17095611,0,False
ETTh1,MLP,42,11,0.36857867,0.68086589,0.14873724,0.15539918,0,False
ETTh1,MLP,42,12,0.36837044,0.68178049,0.1363717,0.14889822,0,False
ETTh1,MLP,42,13,0.37188046,0.67747395,0.13662061,0.14039919,1,True
ETTh1,MLP,42,14,0.36643059,0.67925307,0.15481737,0.13378865,1,False
ETTh1,MLP,42,15,0.36449425,0.67539699,0.12544904,0.12896554,1,False
ETTh1,MLP,42,16,0.36439122,0.67294424,0.11568455,0.12346984,1,False
ETTh1,MLP,42,17,0.36420397,0.67394683,0.11225614,0.11259091,1,False
ETTh1,MLP,42,18,0.36168148,0.67246664,0.10914207,0.1073788,1,False
ETTh1,MLP,42,19,0.36111582,0.67261795,0.10042275,0.10431036,1,False
ETTh1,MLP,42,20,0.36159096,0.67202803,0.09938847,0.10084385,1,False
ETTh1,MLP,42,21,0.35983526,0.67243539,0.10034237,0.09797091,1,False
ETTh1,MLP,42,22,0.36005438,0.67176518,0.09492362,0.09671258,1,False
ETTh1,MLP,42,23,0.35895989,0.66916161,0.09477735,0.09545381,1,False
ETTh1,MLP,42,24,0.35916218,0.66782813,0.09413109,0.09334252,1,False
ETTh1,MLP,42,25,0.35849716,0.6732305,0.09309463,0.0920518,1,False
ETTh1,MLP,42,26,0.35721231,0.67104711,0.0897859,0.09017186,1,False
ETTh1,MLP,42,27,0.3565717,0.66551153,0.08847002,0.08795794,1,False
ETTh1,MLP,42,28,0.35612137,0.66642417,0.08537765,0.08542842,1,False
ETTh1,MLP,42,29,0.35640637,0.66491554,0.08306151,0.0834082,1,False
ETTh1,MLP,42,30,0.3553787,0.66807787,0.08044703,0.08245561,1,False
ETTh1,MLP,42,31,0.35634974,0.66898657,0.07968476,0.08488522,1,False
ETTh1,MLP,42,32,0.35869276,0.66645186,0.0837071,0.08423015,1,False
ETTh1,MLP,42,33,0.35579413,0.66830525,0.09752568,0.08422109,1,False
ETTh1,MLP,42,34,0.3605051,0.66853147,0.07978617,0.08308756,1,False
ETTh1,MLP,42,35,0.35338687,0.66576708,0.08040177,0.08099617,1,False
ETTh1,MLP,42,36,0.35463629,0.6627193,0.07401708,0.0764174,1,False
ETTh1,MLP,42,37,0.35347423,0.66431291,0.07325016,0.07520378,1,False
ETTh1,MLP,42,38,0.35377938,0.66583217,0.07463184,0.07290308,1,False
ETTh1,MLP,42,39,0.35223165,0.66412269,0.07371804,0.07130378,1,False
ETTh1,MLP,42,40,0.35090713,0.66614593,0.06889827,0.07029762,1,False
ETTh1,MLP,42,41,0.35206303,0.66802747,0.0660206,0.06988371,1,False
ETTh1,MLP,42,42,0.35317012,0.66549528,0.06821933,0.06864358,1,False
ETTh1,MLP,42,43,0.35086126,0.66490545,0.07256231,0.06886251,1,False
ETTh1,MLP,42,44,0.35110538,0.66359431,0.06751739,0.06914058,1,False
ETTh1,MLP,42,45,0.35113685,0.66509557,0.0699929,0.06987265,1,False
ETTh1,MLP,42,46,0.35255083,0.66295612,0.06741095,0.06912064,1,False
ETTh1,MLP,42,47,0.34996375,0.6640719,0.0718797,0.06934614,1,False
ETTh1,MLP,42,48,0.35006706,0.65912318,0.06880224,0.06830297,1,False
ETTh1,MLP,42,49,0.348523,0.66201416,0.06864492,0.06900436,1,False
ETTh1,MLP,42,50,0.35104961,0.66339708,0.06477706,0.06788807,1,False
ETTh1,MLP,42,51,0.34975502,0.66119867,0.07091787,0.06763648,1,False
ETTh1,MLP,42,52,0.34886309,0.66017218,0.06629825,0.06672663,1,False
ETTh1,MLP,42,53,0.34951,0.66254272,0.06754429,0.06890458,1,False
ETTh1,MLP,42,54,0.3486911,0.65977143,0.0640957,0.06788272,1,False
ETTh1,MLP,42,55,0.34866212,0.66542863,0.07566677,0.06663418,1,False
ETTh1,MLP,42,56,0.34779098,0.65877704,0.06580858,0.06564035,1,False
ETTh1,MLP,42,57,0.34813427,0.65908918,0.06005554,0.06636611,1,False
ETTh1,MLP,42,58,0.34924816,0.66074665,0.06257514,0.06317329,1,False
ETTh1,MLP,42,59,0.3468779,0.66146514,0.06772451,0.06511863,1,False
ETTh1,MLP,42,60,0.34814134,0.66089977,0.05970265,0.0666416,1,False
ETTh1,MLP,42,61,0.34741533,0.66359594,0.07553532,0.06745662,1,False
ETTh1,MLP,42,62,0.34644832,0.66406389,0.06767039,0.06838982,1,False
ETTh1,MLP,42,63,0.35285397,0.65631614,0.06665025,0.069842,1,False
ETTh1,MLP,42,64,0.34676961,0.66171401,0.07239047,0.06774974,1,False
ETTh1,MLP,42,65,0.34723247,0.66181869,0.06696356,0.06950126,1,False
ETTh1,MLP,42,66,0.34920616,0.66116792,0.06507402,0.06865772,1,False
ETTh1,MLP,42,67,0.34557376,0.66215131,0.076428,0.06733047,1,False
ETTh1,MLP,42,68,0.34516622,0.66396331,0.06243254,0.06623873,1,False
ETTh1,MLP,42,69,0.34613739,0.65932486,0.06575423,0.06571272,1,False
ETTh1,MLP,42,70,0.34447732,0.65931785,0.06150484,0.06317421,1,False
ETTh1,MLP,42,71,0.34513737,0.65992839,0.06244401,0.06383112,1,False
ETTh1,MLP,42,72,0.3450824,0.65695757,0.06373544,0.06282688,1,False
ETTh1,MLP,42,73,0.34420709,0.65973584,0.06571708,0.06242051,1,False
ETTh1,MLP,42,74,0.34412956,0.6628068,0.06073302,0.06145859,1,False
ETTh1,MLP,42,75,0.34401692,0.65793806,0.05947298,0.06076042,1,False
ETTh1,MLP,42,76,0.34347879,0.65752166,0.05763442,0.0596027,1,False
ETTh1,MLP,42,77,0.34412481,0.66141434,0.06024459,0.05926896,1,False
ETTh1,MLP,42,78,0.34407843,0.65957126,0.05992852,0.05880422,1,False
ETTh1,MLP,42,79,0.34365566,0.65928652,0.05906428,0.05909667,1,False
ETTh1,MLP,42,80,0.34431906,0.65980881,0.05714928,0.05871403,1,False
