ETTh1,DLinear,MTT,uniform,0,80,uniform,76,42,0.3972973301337908,0.4499804149196221,1.1326036718346184,
ETTh1,DLinear,MTT,uniform,0,80,uniform,76,123,0.3972973301337908,0.4448525941034581,1.1196969130239385,
ETTh1,DLinear,MTT,uniform,0,80,uniform,76,456,0.3972973301337908,0.4181884474883561,1.0525830801519107,
ETTh1,DLinear,MTT,W1,1,16,window_W1,11,42,0.3972973301337908,0.4526432809130987,1.1393061231009782,
ETTh1,DLinear,MTT,W1,1,16,window_W1,11,123,0.3972973301337908,0.4553817798105419,1.1461989428853978,
ETTh1,DLinear,MTT,W1,1,16,window_W1,11,456,0.3972973301337908,0.4207680165650468,1.0590758725294032,
ETTh1,DLinear,MTT,W2,17,32,window_W2,11,42,0.3972973301337908,0.4518142823307924,1.1372195282023236,
ETTh1,DLinear,MTT,W2,17,32,window_W2,11,123,0.3972973301337908,0.451484431390468,1.136389291210262,
ETTh1,DLinear,MTT,W2,17,32,window_W2,11,456,0.3972973301337908,0.4200333430826781,1.0572266945293363,
ETTh1,DLinear,MTT,W3,33,48,window_W3,11,42,0.3972973301337908,0.44993554312846307,1.1324907292403557,
ETTh1,DLinear,MTT,W3,33,48,window_W3,11,123,0.3972973301337908,0.44416656357167655,1.1179701696512847,
ETTh1,DLinear,MTT,W3,33,48,window_W3,11,456,0.3972973301337908,0.41900388398536953,1.0546355391924456,
ETTh1,DLinear,MTT,W4,49,64,window_W4,11,42,0.3972973301337908,0.44838436828206274,1.1285864119224467,
ETTh1,DLinear,MTT,W4,49,64,window_W4,11,123,0.3972973301337908,0.438109491698363,1.1027244798016351,
ETTh1,DLinear,MTT,W4,49,64,window_W4,11,456,0.3972973301337908,0.4183346203966019,1.0529509983259306,
ETTh1,DLinear,MTT,W5,65,80,window_W5,11,42,0.3972973301337908,0.44690032160627624,1.1248510566526624,
ETTh1,DLinear,MTT,W5,65,80,window_W5,11,123,0.3972973301337908,0.4354336148542737,1.0959892801384805,
ETTh1,DLinear,MTT,W5,65,80,window_W5,11,456,0.3972973301337908,0.4127380198899157,1.0388643179427488,
ETTh1,LSTM,MTT,uniform,0,80,uniform,76,42,0.9671566512734093,1.1161481827459265,1.1540510849781647,
ETTh1,LSTM,MTT,uniform,0,80,uniform,76,123,0.9671566512734093,1.157385417784627,1.1966886814672189,
ETTh1,LSTM,MTT,uniform,0,80,uniform,76,456,0.9671566512734093,1.1159257154194853,1.1538210629583106,
ETTh1,LSTM,MTT,W1,1,16,window_W1,11,42,0.9671566512734093,1.1162413149743424,1.1541473798527264,
ETTh1,LSTM,MTT,W1,1,16,window_W1,11,123,0.9671566512734093,1.1575223335539406,1.1968302467132763,
ETTh1,LSTM,MTT,W1,1,16,window_W1,11,456,0.9671566512734093,1.1159847472481843,1.153882099429105,
ETTh1,LSTM,MTT,W2,17,32,window_W2,11,42,0.9671566512734093,1.11619173216088,1.1540961132731118,
ETTh1,LSTM,MTT,W2,17,32,window_W2,11,123,0.9671566512734093,1.1573304410407592,1.196631837786523,
ETTh1,LSTM,MTT,W2,17,32,window_W2,11,456,0.9671566512734093,1.1159553201053656,1.1538516729798012,
ETTh1,LSTM,MTT,W3,33,48,window_W3,11,42,0.9671566512734093,1.1161134649568454,1.1540151882193146,
ETTh1,LSTM,MTT,W3,33,48,window_W3,11,123,0.9671566512734093,1.1572644548007665,1.1965636107419115,
ETTh1,LSTM,MTT,W3,33,48,window_W3,11,456,0.9671566512734093,1.1159154575788497,1.1538104567751013,
ETTh1,LSTM,MTT,W4,49,64,window_W4,11,42,0.9671566512734093,1.116090163180102,1.1539910951453407,
ETTh1,LSTM,MTT,W4,49,64,window_W4,11,123,0.9671566512734093,1.1573799502149427,1.1966830282261671,
ETTh1,LSTM,MTT,W4,49,64,window_W4,11,456,0.9671566512734093,1.1158870595922386,1.153781094430776,
ETTh1,LSTM,MTT,W5,65,80,window_W5,11,42,0.9671566512734093,1.116080072022528,1.153980661305527,
ETTh1,LSTM,MTT,W5,65,80,window_W5,11,123,0.9671566512734093,1.1574565703189912,1.1967622502466617,
ETTh1,LSTM,MTT,W5,65,80,window_W5,11,456,0.9671566512734093,1.11588306696056,1.1537769662146558,
ETTh1,MLP,MTT,uniform,0,80,uniform,76,42,0.3954841950657817,0.5066112458140277,1.2809898654224654,
ETTh1,MLP,MTT,uniform,0,80,uniform,76,123,0.3954841950657817,0.6663339097306006,1.6848559766586069,
ETTh1,MLP,MTT,uniform,0,80,uniform,76,456,0.3954841950657817,0.4468943550473168,1.129992957045942,
ETTh1,MLP,MTT,W1,1,16,window_W1,11,42,0.3954841950657817,0.5067925947022518,1.2814484144377905,
ETTh1,MLP,MTT,W1,1,16,window_W1,11,123,0.3954841950657817,0.667479241667848,1.6877520012065839,
ETTh1,MLP,MTT,W1,1,16,window_W1,11,456,0.3954841950657817,0.44688760293205754,1.1299758840115617,
ETTh1,MLP,MTT,W2,17,32,window_W2,11,42,0.3954841950657817,0.5065043378061767,1.280719543601303,
ETTh1,MLP,MTT,W2,17,32,window_W2,11,123,0.3954841950657817,0.6667824151547147,1.6859900432779809,
ETTh1,MLP,MTT,W2,17,32,window_W2,11,456,0.3954841950657817,0.44686834878816334,1.1299271990220363,
ETTh1,MLP,MTT,W3,33,48,window_W3,11,42,0.3954841950657817,0.5065717396618332,1.2808899722973104,
ETTh1,MLP,MTT,W3,33,48,window_W3,11,123,0.3954841950657817,0.6661014642982063,1.6842682276782572,
ETTh1,MLP,MTT,W3,33,48,window_W3,11,456,0.3954841950657817,0.4468831665568691,1.1299646664325944,
ETTh1,MLP,MTT,W4,49,64,window_W4,11,42,0.3954841950657817,0.5065923144534642,1.2809419966054565,
ETTh1,MLP,MTT,W4,49,64,window_W4,11,123,0.3954841950657817,0.672279703864748,1.6998901909415782,
ETTh1,MLP,MTT,W4,49,64,window_W4,11,456,0.3954841950657817,0.4469347237052699,1.1300950310566276,
ETTh1,MLP,MTT,W5,65,80,window_W5,11,42,0.3954841950657817,0.5065188280464167,1.2807561828410523,
ETTh1,MLP,MTT,W5,65,80,window_W5,11,123,0.3954841950657817,0.6720537467604979,1.6993188479977406,
ETTh1,MLP,MTT,W5,65,80,window_W5,11,456,0.3954841950657817,0.44691200217212523,1.1300375786137027,
ETTh1,CNN,MTT,uniform,0,80,uniform,76,42,0.3836655137273321,0.46095133669979504,1.2014406304638299,
ETTh1,CNN,MTT,uniform,0,80,uniform,76,123,0.3836655137273321,0.5261153528259648,1.3712865347597298,
ETTh1,CNN,MTT,uniform,0,80,uniform,76,456,0.3836655137273321,0.4212470307455742,1.0979538573929555,
ETTh1,CNN,MTT,W1,1,16,window_W1,11,42,0.3836655137273321,0.46307518786117036,1.2069763147653507,
ETTh1,CNN,MTT,W1,1,16,window_W1,11,123,0.3836655137273321,0.5279322488293481,1.3760221597726012,
ETTh1,CNN,MTT,W1,1,16,window_W1,11,456,0.3836655137273321,0.42135416686234234,1.0982331009343604,
ETTh1,CNN,MTT,W2,17,32,window_W2,11,42,0.3836655137273321,0.46179159596056635,1.2036307133112771,
ETTh1,CNN,MTT,W2,17,32,window_W2,11,123,0.3836655137273321,0.5267302131962652,1.3728891295937744,
ETTh1,CNN,MTT,W2,17,32,window_W2,11,456,0.3836655137273321,0.4214008575893421,1.098354797373913,
ETTh1,CNN,MTT,W3,33,48,window_W3,11,42,0.3836655137273321,0.46061063596730845,1.200552615460405,
ETTh1,CNN,MTT,W3,33,48,window_W3,11,123,0.3836655137273321,0.5255186956581258,1.3697313854265452,
ETTh1,CNN,MTT,W3,33,48,window_W3,11,456,0.3836655137273321,0.42147249283928784,1.0985415101416305,
ETTh1,CNN,MTT,W4,49,64,window_W4,11,42,0.3836655137273321,0.4598223457848444,1.1984979867427863,
ETTh1,CNN,MTT,W4,49,64,window_W4,11,123,0.3836655137273321,0.5247276372355947,1.367669541465523,
ETTh1,CNN,MTT,W4,49,64,window_W4,11,456,0.3836655137273321,0.42131389711844247,1.0981281403828929,
ETTh1,CNN,MTT,W5,65,80,window_W5,11,42,0.3836655137273321,0.45985342778945115,1.1985790000303889,
ETTh1,CNN,MTT,W5,65,80,window_W5,11,123,0.3836655137273321,0.5323119448139758,1.3874375615429577,
ETTh1,CNN,MTT,W5,65,80,window_W5,11,456,0.3836655137273321,0.42110183734083373,1.0975754199271277,
ETTm1,DLinear,MTT,uniform,0,80,uniform,76,42,0.3452696759832195,0.5267324287165723,1.5255681728104384,
ETTm1,DLinear,MTT,uniform,0,80,uniform,76,123,0.3452696759832195,0.36019217701570383,1.043219842547683,
ETTm1,DLinear,MTT,uniform,0,80,uniform,76,456,0.3452696759832195,0.40736456022195994,1.179844592670682,
ETTm1,DLinear,MTT,W1,1,16,window_W1,11,42,0.3452696759832195,0.5814799641216374,1.6841327361453484,
ETTm1,DLinear,MTT,W1,1,16,window_W1,11,123,0.3452696759832195,0.3631299659313231,1.051728521762715,
ETTm1,DLinear,MTT,W1,1,16,window_W1,11,456,0.3452696759832195,0.4285177234342797,1.2411102197550246,
ETTm1,DLinear,MTT,W2,17,32,window_W2,11,42,0.3452696759832195,0.5484896770710621,1.588583403709393,
ETTm1,DLinear,MTT,W2,17,32,window_W2,11,123,0.3452696759832195,0.361312103372844,1.0464634704566529,
ETTm1,DLinear,MTT,W2,17,32,window_W2,11,456,0.3452696759832195,0.4112902317392934,1.1912144632107298,
ETTm1,DLinear,MTT,W3,33,48,window_W3,11,42,0.3452696759832195,0.531037875935971,1.5380379826978492,
ETTm1,DLinear,MTT,W3,33,48,window_W3,11,123,0.3452696759832195,0.36185795906522417,1.048044425085309,
ETTm1,DLinear,MTT,W3,33,48,window_W3,11,456,0.3452696759832195,0.40467328211510195,1.1720498794535594,
ETTm1,DLinear,MTT,W4,49,64,window_W4,11,42,0.3452696759832195,0.5042796763994177,1.4605385629751229,
ETTm1,DLinear,MTT,W4,49,64,window_W4,11,123,0.3452696759832195,0.36147104466024804,1.046923810007039,
ETTm1,DLinear,MTT,W4,49,64,window_W4,11,456,0.3452696759832195,0.3916146501750018,1.1342283363281365,
ETTm1,DLinear,MTT,W5,65,80,window_W5,11,42,0.3452696759832195,0.513677105388381,1.4877562123739654,
ETTm1,DLinear,MTT,W5,65,80,window_W5,11,123,0.3452696759832195,0.3611208184003656,1.0459094543185903,
ETTm1,DLinear,MTT,W5,65,80,window_W5,11,456,0.3452696759832195,0.3934603968647429,1.1395741480750992,
ETTm1,LSTM,MTT,uniform,0,80,uniform,76,42,0.7285855043353023,1.161607829764993,1.5943328859180945,
ETTm1,LSTM,MTT,uniform,0,80,uniform,76,123,0.7285855043353023,1.2113086393180832,1.6625483654429485,
ETTm1,LSTM,MTT,uniform,0,80,uniform,76,456,0.7285855043353023,1.0809399133912596,1.483614355431645,
ETTm1,LSTM,MTT,W1,1,16,window_W1,11,42,0.7285855043353023,1.1616072711823346,1.5943321192508262,
ETTm1,LSTM,MTT,W1,1,16,window_W1,11,123,0.7285855043353023,1.2111430242740575,1.6623210550682015,
ETTm1,LSTM,MTT,W1,1,16,window_W1,11,456,0.7285855043353023,1.0809397659389206,1.4836141530499916,
ETTm1,LSTM,MTT,W2,17,32,window_W2,11,42,0.7285855043353023,1.161607260648889,1.5943321047934351,
ETTm1,LSTM,MTT,W2,17,32,window_W2,11,123,0.7285855043353023,1.2111680775060372,1.6623554411928645,
ETTm1,LSTM,MTT,W2,17,32,window_W2,11,456,0.7285855043353023,1.0809349726090347,1.4836075740968593,
ETTm1,LSTM,MTT,W3,33,48,window_W3,11,42,0.7285855043353023,1.1616072817078305,1.5943321336973062,
ETTm1,LSTM,MTT,W3,33,48,window_W3,11,123,0.7285855043353023,1.2111988605428912,1.6623976916036547,
ETTm1,LSTM,MTT,W3,33,48,window_W3,11,456,0.7285855043353023,1.0809303113168833,1.4836011763684889,
ETTm1,LSTM,MTT,W4,49,64,window_W4,11,42,0.7285855043353023,1.1616056932801317,1.5943299535445454,
ETTm1,LSTM,MTT,W4,49,64,window_W4,11,123,0.7285855043353023,1.2112771680696166,1.6625051704462332,
ETTm1,LSTM,MTT,W4,49,64,window_W4,11,456,0.7285855043353023,1.0809479550290781,1.4836253927605114,
