seed,dataset,model,distillation_method,n_distill_steps,alpha,real_mse,transfer_mse,acf_short,acf_long,fft_distance,trend_error,variance_diff,freq_rank_error,peak_mag_ratio,cross_corr_error
7,ETTh1,CNN,MTT,300,0.0,0.385506301,0.594715555,0.22366023,0.1392251,0.494680131,1.00709541,0.553902566,13.42857143,0.860311451,0.328341161
7,ETTh1,CNN,MTT,300,0.1,0.385506301,0.523842647,0.214421999,0.133880464,0.445212115,0.996448307,0.561340392,13.14285714,0.774280334,0.327751174
7,ETTh1,CNN,MTT,300,0.2,0.385506301,0.4861799,0.202948201,0.125170621,0.395744097,0.988326862,0.588208139,8.571428571,0.688249151,0.326775327
7,ETTh1,CNN,MTT,300,0.3,0.385506301,0.470026804,0.19092462,0.114969755,0.346276088,0.979992263,0.614458263,8.571428571,0.602218049,0.325985014
7,ETTh1,CNN,MTT,300,0.5,0.385506301,0.467828263,0.172265012,0.10132087,0.247340077,0.966026728,0.650760829,6.428571429,0.430155724,0.326884567
7,ETTh1,CNN,MTT,300,0.7,0.385506301,0.435509108,0.159060913,0.101769115,0.148404055,0.952605013,0.665466368,6.428571429,0.258093435,0.333240982
7,ETTh1,CNN,MTT,300,1.0,0.385506301,0.442891818,0.181754248,0.11657246,6.81e-08,0.934764998,0.647030413,0.0,6.32e-08,0.358872606
42,ETTh1,CNN,MTT,300,0.0,0.3807109834068176,0.4978187381991914,0.3072859947751931,0.1765180953376291,0.2939837692715946,1.2472695158158378,0.470557689666748,3.4285714285714284,0.3234995152821481,0.2737938546037787
42,ETTh1,CNN,MTT,300,0.1,0.3807109834068176,0.4875646869861296,0.2982396976340629,0.1739931688485717,0.264585380124627,1.2444249372398184,0.4862551093101501,3.2857142857142856,0.2911495142960563,0.275170136805375
42,ETTh1,CNN,MTT,300,0.2,0.3807109834068176,0.4640195991194553,0.2879381497112038,0.1710926792173894,0.2351870069496046,1.2430369049784795,0.5105487108230591,3.2857142857142856,0.2587996318031605,0.2765916660865163
42,ETTh1,CNN,MTT,300,0.3,0.3807109834068176,0.4815794762377149,0.2765253324611448,0.1678571655733052,0.205788632054005,1.242433333941592,0.5332350730895996,3.2857142857142856,0.2264496653735095,0.2780913438099618
42,ETTh1,CNN,MTT,300,0.5,0.3807109834068176,0.4803442458245472,0.2516386661995558,0.1604315263541078,0.1469918816254322,1.2403627247153557,0.5737852454185486,1.1428571428571428,0.1617497680695359,0.2815244998580694
42,ETTh1,CNN,MTT,300,0.7,0.3807109834068176,0.4896817801619754,0.2249037496068237,0.1524983274458802,0.0881951238747725,1.2391610847183046,0.6079057455062866,1.1428571428571428,0.0970499215175522,0.2859119798443803
42,ETTh1,CNN,MTT,300,1.0,0.3807109834068176,0.5358026101750839,0.1861464155113452,0.1398066696881116,7.410991177297225e-08,1.2346641619478536,0.6470304131507874,0.0,1.0947937219730512e-07,0.2948738886299203
7,ETTh2,CNN,MTT,300,0.0,0.3137933581917166,0.3438867072157343,0.2880104213471533,0.1845278764299055,0.2678792272048301,0.6160920532176035,0.8471526503562927,15.0,0.4784813201246957,0.4443067320410964
7,ETTh2,CNN,MTT,300,0.1,0.3137933581917166,0.4454990544604105,0.2685616102932191,0.1786277506116078,0.2410912976474732,0.6222185587795694,0.8476232290267944,12.857142857142858,0.4306332026633746,0.4500251719876258
7,ETTh2,CNN,MTT,300,0.2,0.3137933581917166,0.6241569850550173,0.2486449352132353,0.1732354201858159,0.2143033712441102,0.6294665601352748,0.8466702699661255,8.571428571428571,0.3827850375784535,0.454450371729426
7,ETTh2,CNN,MTT,300,0.3,0.3137933581917166,0.3610214882348657,0.2290012291568554,0.1686429622130235,0.1875154565664143,0.6384203358505809,0.8442939519882202,8.571428571428571,0.3349369144048392,0.4575012335942553
7,ETTh2,CNN,MTT,300,0.5,0.3137933581917166,0.9306588474823856,0.1989039759538988,0.1633728476010392,0.1339396173993809,0.6591685477823523,0.8352710604667664,6.428571428571429,0.2392406372385614,0.4594145288879124
7,ETTh2,CNN,MTT,300,0.7,0.3137933581917166,0.7838820724311196,0.1857126975142149,0.1611481417057877,0.080363760880507,0.6848603999765573,0.8205547332763672,4.285714285714286,0.143544398181573,0.4559602336990121
7,ETTh2,CNN,MTT,300,1.0,0.3137933581917166,1.1954859734804515,0.2031810902606892,0.1702187819856893,6.863724947042289e-08,0.7276698410716238,0.787804901599884,0.0,5.8923816046932534e-08,0.4422932637510174
42,ETTh2,CNN,MTT,300,0.0,0.3217719936142561,0.3487535271714301,0.2936911068758063,0.207794500406863,0.2591434313908832,0.6121671857392224,0.8520693778991699,15.0,0.6209519655939751,0.4176315490867723
42,ETTh2,CNN,MTT,300,0.1,0.3217719936142561,0.3505547045927593,0.2701163552379989,0.1985934485413381,0.2332290804651391,0.6118160148329378,0.852019727230072,15.0,0.5588567754070098,0.4200310197775154
42,ETTh2,CNN,MTT,300,0.2,0.3217719936142561,0.3520305373214744,0.2547044696587144,0.1892277813605955,0.2073147371381274,0.6135340595127008,0.8505530953407288,13.0,0.4967615412742647,0.4215857542522037
42,ETTh2,CNN,MTT,300,0.3,0.3217719936142561,0.3551853709193573,0.2400881673752468,0.1805367062599223,0.1814004009642667,0.6178915168818995,0.847669243812561,13.0,0.4346663502965787,0.4223517830177442
42,ETTh2,CNN,MTT,300,0.5,0.3217719936142561,0.358786956858531,0.212343249710479,0.1663826400339794,0.129571728444381,0.6292304237778097,0.8376504778862,8.571428571428571,0.3104759929451921,0.4217757537303788
42,ETTh2,CNN,MTT,300,0.7,0.3217719936142561,0.3836318613393007,0.1892657390463721,0.156163942189198,0.0777430414900706,0.6454514843655202,0.8219634294509888,4.285714285714286,0.1862856144740718,0.4187618981372158
42,ETTh2,CNN,MTT,300,1.0,0.3217719936142561,0.4022006804060302,0.1894224584301937,0.1516102732253145,7.668307439880004e-08,0.6759552816571164,0.787804901599884,0.0,1.231178965815344e-07,0.4105021511329897
7,ETTm1,CNN,MTT,300,0.0,0.332224914,0.365245728,0.43268367,0.179868171,0.383476449,1.105934622,0.872650325,0.857142857,0.66856288,0.421003644
7,ETTm1,CNN,MTT,300,0.1,0.332224914,0.370965348,0.427059012,0.17640435,0.345128783,1.102567369,0.812939346,0.857142857,0.6017065,0.425561738
7,ETTm1,CNN,MTT,300,0.2,0.332224914,0.367026967,0.421164343,0.172503763,0.306781151,1.103724027,0.756055176,0.857142857,0.534850242,0.429844977
7,ETTm1,CNN,MTT,300,0.3,0.332224914,0.374698258,0.415231453,0.168186171,0.268433521,1.10419352,0.701997638,0.857142857,0.467993991,0.433816448
7,ETTm1,CNN,MTT,300,0.5,0.332224914,0.352840537,0.403285183,0.158496467,0.191738226,1.106355397,0.602362573,0.428571429,0.334281382,0.440747037
7,ETTm1,CNN,MTT,300,0.7,0.332224914,0.38322695,0.392132172,0.147883562,0.115042949,1.109347348,0.629774034,0.428571429,0.200568811,0.446322392
7,ETTm1,CNN,MTT,300,1.0,0.332224914,0.382330799,0.37519739,0.129513147,1.06e-07,1.110102873,0.710367084,0.0,1.29e-07,0.45232995
42,ETTm1,CNN,MTT,300,0.0,0.3416359933555232,0.7416346281086813,0.3203629967813256,0.1116093643078963,0.9866211627561094,1.2146130718976111,0.7078978419303894,1.0,0.4954574118365887,0.2746753386316522
42,ETTm1,CNN,MTT,300,0.1,0.3416359933555232,0.7252750010290183,0.3224351852646382,0.1083154154701814,0.8879590392205249,1.1460552705519065,0.6945146918296814,0.5714285714285714,0.4459116399220281,0.2780001536729536
42,ETTm1,CNN,MTT,300,0.2,0.3416359933555232,0.743227735360215,0.3246622277217734,0.1068981085120772,0.7892969373553226,1.0767110529590609,0.7035176157951355,0.5714285714285714,0.3963659610240814,0.281448715876308
42,ETTm1,CNN,MTT,300,0.3,0.3416359933555232,0.7045863006765102,0.32700087267009,0.1077585863640711,0.6906348239995502,1.0048408437309682,0.7115802764892578,0.1428571428571428,0.3468201796074486,0.2849367576098663
42,ETTm1,CNN,MTT,300,0.5,0.3416359933555232,0.5460717575408722,0.3326594808429434,0.1165241015438289,0.4933105750104514,0.8777856919598177,0.7215284705162048,0.1428571428571428,0.2477287182196477,0.2916481283320795
42,ETTm1,CNN,MTT,300,0.7,0.3416359933555232,0.5897834286695224,0.340052593328444,0.1283322431794245,0.295986344223022,0.7563049766397246,0.723240852355957,0.1428571428571428,0.1486372614490251,0.2973154693885138
42,ETTm1,CNN,MTT,300,1.0,0.3416359933555232,0.4802700889295646,0.3507315554033005,0.1482517195140415,1.0068699836997504e-07,0.6407929333566492,0.7103670835494995,0.0,1.534095807927664e-07,0.3021526128523682
7,ETTm2,CNN,MTT,300,0.0,0.191329993,0.244468582,0.15287985,0.163081026,0.405347625,0.367803728,0.878804207,1.571428571,0.396814329,0.450186705
7,ETTm2,CNN,MTT,300,0.1,0.191329993,0.242061075,0.147979301,0.164140433,0.36481286,0.352768341,0.880730927,1.142857143,0.35713289,0.45571444
7,ETTm2,CNN,MTT,300,0.2,0.191329993,0.235871727,0.145277238,0.165111762,0.324278091,0.342919105,0.882062733,1.142857143,0.317451463,0.462616332
7,ETTm2,CNN,MTT,300,0.3,0.191329993,0.278539855,0.14455301,0.166023597,0.283743329,0.337239848,0.882799625,1.142857143,0.277770018,0.469514151
7,ETTm2,CNN,MTT,300,0.5,0.191329993,0.242194352,0.144529232,0.167472953,0.202673811,0.344407812,0.882489204,0.714285714,0.198407169,0.480997769
7,ETTm2,CNN,MTT,300,0.7,0.191329993,0.234329123,0.147492985,0.168282766,0.121604301,0.370780853,0.879799247,0.428571429,0.119044319,0.488383595
7,ETTm2,CNN,MTT,300,1.0,0.191329993,0.2486987,0.155230429,0.16862497,1.19e-07,0.441230005,0.871303141,0.0,2.12e-07,0.491556989
42,ETTm2,CNN,MTT,300,0.0,0.1925242609360124,2.948991407001094,0.2245826180406903,0.1612458635036804,0.6958256033412679,1.163667581137258,0.8642826080322266,1.8571428571428568,0.4415979779158022,0.4546226706180004
42,ETTm2,CNN,MTT,300,0.1,0.1925242609360124,2.839769370089077,0.216196250141235,0.1594286136541275,0.6262430622792782,1.107158203525318,0.8684087991714478,1.2857142857142858,0.3974382165377489,0.4585964364227936
42,ETTm2,CNN,MTT,300,0.2,0.1925242609360124,3.834457261233674,0.2091903801117607,0.1578816238026069,0.5566605240978011,1.057382965180235,0.8717741966247559,1.2857142857142858,0.3532783932202408,0.462458180067811
42,ETTm2,CNN,MTT,300,0.3,0.1925242609360124,3.4780056423876102,0.2028661273168394,0.1567375533627687,0.4870779441297538,1.0076375900743233,0.874378502368927,1.2857142857142858,0.3091186529300115,0.4660846946981355
42,ETTm2,CNN,MTT,300,0.5,0.1925242609360124,2.5596461985267003,0.1889488758589765,0.1546280499849274,0.347912853627093,0.9171646391309436,0.8773044943809509,1.2857142857142858,0.2207990347437922,0.4723513628112713
42,ETTm2,CNN,MTT,300,0.7,0.1925242609360124,1.6373576237562362,0.1721912555162569,0.1525371474934614,0.2087477672833051,0.8411339498884447,0.8771867156028748,0.8571428571428571,0.1324794871435338,0.4769304271295209
42,ETTm2,CNN,MTT,300,1.0,0.1925242609360124,1.3192667495601933,0.1453081678179096,0.1480554857554607,1.1179218544361513e-07,0.7369441330654104,0.871303141117096,0.0,1.827171255904549e-07,0.4797985399007007
7,weather,CNN,MTT,300,0.0,0.188128082,0.235445329,0.263346561,0.184503292,0.576815806,0.47227858,0.737160027,0.476190476,0.496248047,0.494587846
7,weather,CNN,MTT,300,0.1,0.188128082,0.23083001,0.202637685,0.151921415,0.519134211,0.446347371,0.728228927,0.19047619,0.446623212,0.4713821
7,weather,CNN,MTT,300,0.2,0.188128082,0.227534751,0.188256025,0.151814677,0.461452669,0.429714315,0.7184003,0.095238095,0.396998458,0.455497589
7,weather,CNN,MTT,300,0.3,0.188128082,0.229117926,0.178669321,0.152713198,0.403771045,0.419637859,0.711427808,0.095238095,0.347373586,0.442127685
7,weather,CNN,MTT,300,0.5,0.188128082,0.225345858,0.165534539,0.153850613,0.288407916,0.407713376,0.715105355,0.095238095,0.248124015,0.422607505
7,weather,CNN,MTT,300,0.7,0.188128082,0.217961455,0.156070959,0.153568475,0.173044759,0.409935654,0.720034182,0.0,0.148874399,0.408777646
7,weather,CNN,MTT,300,1.0,0.188128082,0.229863699,0.144412654,0.151407712,9.18e-08,0.493772977,0.713391244,0.0,1.3e-07,0.392163512
42,weather,CNN,MTT,300,0.0,0.18656135537111,0.2343042392570278,0.1458397021847518,0.0871391908637097,0.2054753806800767,1.1966524231643771,0.6398142576217651,0.0476190476190476,0.2405344970081608,0.3598847460980773
42,weather,CNN,MTT,300,0.1,0.18656135537111,0.2487542417687506,0.1404062357289605,0.0864935172034742,0.1849278435095192,1.206976094778201,0.6508592963218689,0.0476190476190476,0.2164810414353232,0.3522881394801653
42,weather,CNN,MTT,300,0.2,0.18656135537111,0.2207735822413945,0.1369454959011802,0.0861869738583401,0.1643803035130082,1.217788915338875,0.6616252064704895,0.0476190476190476,0.1924276359046773,0.3444408744764963
42,weather,CNN,MTT,300,0.3,0.18656135537111,0.2228969668728272,0.1343499481298274,0.0863541422896478,0.1438327608718095,1.228368079195842,0.6714365482330322,0.0,0.1683741625120935,0.3378867956009405
42,weather,CNN,MTT,300,0.5,0.18656135537111,0.2386929761335625,0.1305004846068851,0.08908593265693,0.1027376969758255,1.248139673460213,0.6881959438323975,0.0,0.1202672763622149,0.3280630041652957
42,weather,CNN,MTT,300,0.7,0.18656135537111,0.22610362055374,0.1300732859232751,0.0920921514234811,0.0616426254289959,1.2654875332466649,0.7011374235153198,0.0,0.0721603922327428,0.3206255705681218
42,weather,CNN,MTT,300,1.0,0.18656135537111,0.2236329601696276,0.1314291081716397,0.0960532484557958,9.050676400115609e-08,1.291427567701483,0.7133912444114685,0.0,1.0518892942340865e-07,0.3112537293726486
7,ETTh1,DLinear,MTT,300,0.0,0.393855746,0.397200135,0.5065679,0.361928598,0.35030861,0.520675044,0.483738214,4.285714286,1.000892974,0.589743996
7,ETTh1,DLinear,MTT,300,0.1,0.393855746,0.397397459,0.487521108,0.345403768,0.315277746,0.521259812,0.519731343,4.285714286,0.900803659,0.572083194
7,ETTh1,DLinear,MTT,300,0.2,0.393855746,0.402438089,0.46436735,0.325659493,0.280246884,0.520484382,0.551354706,4.285714286,0.800714389,0.550872042
7,ETTh1,DLinear,MTT,300,0.3,0.393855746,0.406568807,0.43723117,0.302673306,0.245216017,0.520507926,0.578608215,4.285714286,0.700625088,0.526183397
7,ETTh1,DLinear,MTT,300,0.5,0.393855746,0.412950921,0.372413367,0.249258472,0.1751543,0.528933524,0.620006263,4.285714286,0.500446497,0.468207882
7,ETTh1,DLinear,MTT,300,0.7,0.393855746,0.423818063,0.300085854,0.19284225,0.105092586,0.53706085,0.64392519,4.285714286,0.300267895,0.405524277
7,ETTh1,DLinear,MTT,300,1.0,0.393855746,0.438641818,0.2009579,0.131083666,6.87e-08,0.554928646,0.647030413,0.0,9.59e-08,0.330389361
42,ETTh1,DLinear,MTT,300,0.0,0.3981603195700491,0.5195597928355288,0.4662989342396921,0.3344204014648594,0.3612943861931407,1.3553504511493926,0.723353385925293,4.285714285714286,0.812632470984654,0.430937515134321
42,ETTh1,DLinear,MTT,300,0.1,0.3981603195700491,0.5079442950836806,0.4420382637584557,0.3172761727609577,0.3251649316796842,1.3579091519094129,0.6826874017715454,4.285714285714286,0.7313691546700374,0.4147189809547639
42,ETTh1,DLinear,MTT,300,0.2,0.3981603195700491,0.5158548497945781,0.4141935912124884,0.2980469568639751,0.2890355061074084,1.362102932202795,0.6431517601013184,4.285714285714286,0.6501059651324981,0.3967128755802646
42,ETTh1,DLinear,MTT,300,0.3,0.3981603195700491,0.5140281516465914,0.3842125901455101,0.2777667955098292,0.25290605341149,1.3660323613722711,0.604746401309967,4.285714285714286,0.5688426713533766,0.3779563127063615
42,ETTh1,DLinear,MTT,300,0.5,0.3981603195700491,0.5100306046440162,0.3234300521746073,0.2357822461970711,0.1806471893348434,1.3712038530986457,0.626672089099884,4.285714285714286,0.4063162740397518,0.3408298704532423
42,ETTh1,DLinear,MTT,300,0.7,0.3981603195700491,0.452113840508035,0.2649763838145511,0.193832382374505,0.1083883067354689,1.3792893637391863,0.6501201391220093,0.0,0.2437897143835642,0.3066820613340624
42,ETTh1,DLinear,MTT,300,1.0,0.3981603195700491,0.4678525236067307,0.1861891486689177,0.1318791273287385,7.310793315495069e-08,1.3929414215168896,0.6470304131507874,0.0,5.361972961317457e-08,0.2649446328005073
123,ETTh1,DLinear,MTT,300,0.0,0.3876864755582715,0.4354840677396205,0.2884378094109038,0.2078047083539524,0.5588660351149832,1.2352299346133877,0.5447672605514526,2.571428571428572,0.3282064116695703,0.4152361908987028
123,ETTh1,DLinear,MTT,300,0.1,0.3876864755582715,0.4397335106137982,0.2779761300756186,0.2005468867743519,0.5029794292970741,1.217040415257879,0.5464643239974976,2.571428571428572,0.2953857476834591,0.4111632920700033
123,ETTh1,DLinear,MTT,300,0.2,0.3876864755582715,0.4406815947370976,0.2669470749789316,0.1931944946683801,0.4470928354447942,1.1985548350872617,0.5469287037849426,2.571428571428572,0.2625651178111913,0.4067147241541355
123,ETTh1,DLinear,MTT,300,0.3,0.3876864755582715,0.4416042040726807,0.2555887791401353,0.1857634528969443,0.3912062351243138,1.182363505586581,0.5660313963890076,2.2857142857142856,0.2297444985270525,0.4019898476492735
123,ETTh1,DLinear,MTT,300,0.5,0.3876864755582715,0.4352519102928994,0.2330697367375365,0.1707634322748591,0.2794330196592164,1.1581257108201906,0.6007404923439026,0.0,0.1641031846106529,0.3920001864058081
123,ETTh1,DLinear,MTT,300,0.7,0.3876864755582715,0.44442661897213,0.2114604915064375,0.1570211630334052,0.1676598252053267,1.1254857559793223,0.6261963844299316,0.0,0.0984618799693906,0.3815513839587162
123,ETTh1,DLinear,MTT,300,1.0,0.3876864755582715,0.4355181999366345,0.1799186209155871,0.1394918038175112,7.015463498187943e-08,1.0768876351215255,0.6470304131507874,0.0,8.511802328095647e-08,0.3651805126185632
7,ETTh2,DLinear,MTT,300,0.0,0.292704202,0.329573413,0.392456794,0.214409971,0.303179866,0.652862627,0.951053441,27.14285714,0.866564559,0.39944921
7,ETTh2,DLinear,MTT,300,0.1,0.292704202,0.328258344,0.355875188,0.203580295,0.272861878,0.660554722,0.945777237,2.142857143,0.77990813,0.40263617
7,ETTh2,DLinear,MTT,300,0.2,0.292704202,0.330949091,0.327177181,0.197888983,0.242543891,0.670141491,0.938045621,2.142857143,0.693251676,0.402034416
7,ETTh2,DLinear,MTT,300,0.3,0.292704202,0.327751454,0.305231338,0.19539183,0.212225891,0.681127103,0.927859008,2.142857143,0.60659516,0.398591615
7,ETTh2,DLinear,MTT,300,0.5,0.292704202,0.337016915,0.273924412,0.192124275,0.151589924,0.705806729,0.900119781,2.142857143,0.433282255,0.386977947
7,ETTh2,DLinear,MTT,300,0.7,0.292704202,0.357298491,0.251291158,0.186099884,0.090953949,0.730750727,0.862559497,0.0,0.25996936,0.372908657
7,ETTh2,DLinear,MTT,300,1.0,0.292704202,0.380852535,0.223652266,0.170919229,7.42e-08,0.780243673,0.787804902,0.0,6.36e-08,0.351923545
42,ETTh2,DLinear,MTT,300,0.0,0.3179543860887904,0.3562975321690873,0.3713511393459043,0.1875647960794458,0.3186291293889368,0.5961225079049205,0.9433857798576356,13.428571428571429,0.5675647108320525,0.3733719757687175
42,ETTh2,DLinear,MTT,300,0.1,0.3179543860887904,0.3615719656786511,0.3388859168741079,0.1811472700751494,0.286766214337544,0.6010709554859227,0.937349259853363,13.428571428571429,0.5108082640086975,0.3864942816655686
42,ETTh2,DLinear,MTT,300,0.2,0.3179543860887904,0.3702299425660458,0.3089133967455448,0.1764444310844352,0.2549033073455019,0.608671280050089,0.9291967749595642,4.428571428571429,0.4540517596548772,0.4003772019405508
42,ETTh2,DLinear,MTT,300,0.3,0.3179543860887904,0.3691452153841736,0.2840513704571903,0.1736501995687087,0.2230403892592193,0.6183641941714974,0.918928325176239,4.428571428571429,0.3972953085744457,0.4131819811643359
42,ETTh2,DLinear,MTT,300,0.5,0.3179543860887904,0.4141744941363449,0.2493455434002602,0.1721717228192988,0.1593145703451239,0.6410863280348921,0.8920438885688782,4.428571428571429,0.2837823190093398,0.4333188833389579
42,ETTh2,DLinear,MTT,300,0.7,0.3179543860887904,0.4078336077714013,0.2281329835439755,0.1731984809065886,0.0955887612358609,0.6685584948528567,0.8566960096359253,0.0,0.1702694068316314,0.4466387059238014
42,ETTh2,DLinear,MTT,300,1.0,0.3179543860887904,0.4633332870429913,0.2086779464991925,0.1748699297180982,6.905522078074139e-08,0.7169603027590001,0.787804901599884,0.0,9.826074738841717e-08,0.4576264352891169
123,ETTh2,DLinear,MTT,300,0.0,0.2990138696770164,0.3180220868879581,0.2985383280478741,0.2493071954057786,0.4970927839589403,0.9539353621979414,0.7131449580192566,0.0,0.4457234199139141,0.42552859152906
123,ETTh2,DLinear,MTT,300,0.1,0.2990138696770164,0.3301223314694077,0.2928753480098814,0.2442485181793892,0.4473835013757404,0.9181813924583494,0.726331889629364,0.0,0.4011510193886341,0.4284291166946077
123,ETTh2,DLinear,MTT,300,0.2,0.2990138696770164,0.3233409925700355,0.2866200494722357,0.2388045054787737,0.3976742349897795,0.884615000895239,0.7382475733757019,0.0,0.3565787626976853,0.4308580190100822
123,ETTh2,DLinear,MTT,300,0.3,0.2990138696770164,0.3060605978266626,0.2797609341445765,0.2330565563115489,0.3479649367261435,0.852275288474304,0.7488918900489807,0.0,0.3120063589732558,0.4327417386763887
123,ETTh2,DLinear,MTT,300,0.5,0.2990138696770164,0.3145097354278408,0.2643567419909078,0.2208164033664146,0.2485463983004898,0.7953033392536983,0.7663665413856506,0.0,0.2228617117221731,0.4346021293546976
123,ETTh2,DLinear,MTT,300,0.7,0.2990138696770164,0.3129641836582519,0.2462209758883425,0.2079477103881062,0.1491278215792906,0.7524379850884557,0.7787558436393738,0.0,0.1337170574044284,0.4334577791277872
123,ETTh2,DLinear,MTT,300,1.0,0.2990138696770164,0.3122870876553263,0.2092907807028486,0.1880544917747417,6.929940888620172e-08,0.7052325548221224,0.787804901599884,0.0,6.051395212102115e-08,0.4239333282404889
7,ETTm1,DLinear,MTT,300,0.0,0.343481114,0.437212535,0.414290408,0.188692543,0.383105596,1.259753322,0.79395479,1.0,0.682812045,0.444228594
7,ETTm1,DLinear,MTT,300,0.1,0.343481114,0.431607935,0.41073658,0.185735392,0.344795029,1.263119762,0.745837748,1.0,0.614530801,0.437598129
7,ETTm1,DLinear,MTT,300,0.2,0.343481114,0.419879745,0.406379873,0.182295459,0.306484464,1.263893445,0.699719906,1.0,0.546249587,0.429474313
7,ETTm1,DLinear,MTT,300,0.3,0.343481114,0.407884325,0.40114851,0.178532314,0.268173925,1.263355249,0.655601084,1.0,0.477968391,0.420089554
7,ETTm1,DLinear,MTT,300,0.5,0.343481114,0.403088771,0.388761561,0.170353734,0.191552809,1.264754574,0.635331571,0.857142857,0.341405992,0.398742891
7,ETTm1,DLinear,MTT,300,0.7,0.343481114,0.399634121,0.374676431,0.159575172,0.114931697,1.267003174,0.676727295,0.857142857,0.204843581,0.376157234
7,ETTm1,DLinear,MTT,300,1.0,0.343481114,0.413859882,0.350609807,0.13969954,1.04e-07,1.269837044,0.710367084,0.0,1.72e-07,0.345089387
42,ETTm1,DLinear,MTT,300,0.0,0.3449055170533407,0.3814991691051156,0.5074310956272191,0.2587771668130593,0.3455386535327895,0.6171825130615638,0.8075202107429504,1.1428571428571428,0.55417560306235,0.5452541257399871
42,ETTm1,DLinear,MTT,300,0.1,0.3449055170533407,0.3804672892366683,0.4947575981858591,0.2494324881291935,0.310984783486,0.6149034635855395,0.8059718012809753,1.1428571428571428,0.4987580203750999,0.5362823747296285
42,ETTm1,DLinear,MTT,300,0.2,0.3449055170533407,0.3696786112485732,0.4807858744928581,0.2393149853926222,0.2764309160170106,0.6147754819968779,0.8026084899902344,1.1428571428571428,0.4433404912594696,0.5256859899155891
42,ETTm1,DLinear,MTT,300,0.3,0.3449055170533407,0.368729959185625,0.4657915316121719,0.228875901685635,0.2418770534026439,0.6155002645218116,0.7974303960800171,1.1428571428571428,0.3879229177455036,0.5137324467300792
42,ETTm1,DLinear,MTT,300,0.5,0.3449055170533407,0.3675414093725505,0.4358582777306515,0.2096942009567466,0.1727693295361589,0.6195038352698697,0.7816295623779297,1.1428571428571428,0.2770877843911266,0.4865373289313006
42,ETTm1,DLinear,MTT,300,0.7,0.3449055170533407,0.3811101532598529,0.4062152002736264,0.1944035563994203,0.1036616017220622,0.6276374301860657,0.7585691809654236,1.1428571428571428,0.1662526710683411,0.4558658757370277
42,ETTm1,DLinear,MTT,300,1.0,0.3449055170533407,0.3959648026552525,0.3697519201854616,0.1789231441351905,1.009637215317997e-07,0.648372582882531,0.7103670835494995,0.0,1.4109307271063904e-07,0.4052327939577731
123,ETTm1,DLinear,MTT,300,0.0,0.3455243922457467,0.6181970161838657,0.3422713503225824,0.1122368091157642,0.4571582467653628,0.8404153043551255,0.7694653272628784,0.1428571428571428,0.3267123523490461,0.3086268338028792
123,ETTm1,DLinear,MTT,300,0.1,0.3455243922457467,0.5898489529258996,0.3441299525799811,0.1134913762885209,0.4114424196283851,0.8249922415198764,0.7696673274040222,0.1428571428571428,0.2940411331582728,0.3090200278285871
123,ETTm1,DLinear,MTT,300,0.2,0.3455243922457467,0.5602499992141652,0.3453901606685234,0.1144120655962846,0.3657265837378514,0.8070538980467205,0.7685111165046692,0.1428571428571428,0.2613699463470968,0.3086966513397683
123,ETTm1,DLinear,MTT,300,0.3,0.3455243922457467,0.5080871402008702,0.34627648789597,0.1148944358286573,0.32001075502426,0.79409389404303,0.7659967541694641,0.1428571428571428,0.2286986900427127,0.3079308598669878
123,ETTm1,DLinear,MTT,300,0.5,0.3455243922457467,0.4774557503782437,0.3471672069870241,0.1152552022097349,0.2285791190724673,0.7723571946723888,0.756893515586853,0.1428571428571428,0.1633562692288466,0.3056410468809053
123,ETTm1,DLinear,MTT,300,0.7,0.3455243922457467,0.4445260769910734,0.347708303143479,0.1153441506437565,0.1371474682209137,0.7546797386844124,0.7423573732376099,0.1428571428571428,0.0980138365885081,0.3027376415234709
123,ETTm1,DLinear,MTT,300,1.0,0.3455243922457467,0.4135971668529997,0.3488110664405112,0.1172405407106698,1.0175586435583888e-07,0.7517321817504613,0.7103670835494995,0.0,1.673844577918171e-07,0.2975313953235597
7,ETTm2,DLinear,MTT,300,0.0,0.185850384,0.345127606,0.199971573,0.16001289,0.319453512,0.66865675,0.967471182,1.428571429,0.61986646,0.351353883
7,ETTm2,DLinear,MTT,300,0.1,0.185850384,0.313043824,0.18996451,0.150109317,0.287508169,0.674967085,0.96309787,1.428571429,0.557879804,0.344050857
7,ETTm2,DLinear,MTT,300,0.2,0.185850384,0.333664909,0.181141371,0.144301975,0.25556281,0.682652113,0.957559288,1.571428571,0.495893154,0.336804142
7,ETTm2,DLinear,MTT,300,0.3,0.185850384,0.358907955,0.174621758,0.140117596,0.223617462,0.69408747,0.950855553,1.285714286,0.433906508,0.330344407
7,ETTm2,DLinear,MTT,300,0.5,0.185850384,0.356178567,0.17127566,0.133642934,0.159726772,0.728323036,0.933952332,1.285714286,0.309933194,0.320601566
7,ETTm2,DLinear,MTT,300,0.7,0.185850384,0.368674102,0.176317647,0.12861946,0.095836085,0.767102713,0.912388325,0.857142857,0.18595991,0.314923916
7,ETTm2,DLinear,MTT,300,1.0,0.185850384,0.374035277,0.182794938,0.122071171,1.18e-07,0.827955958,0.871303141,0.0,1.61e-07,0.312210632
42,ETTm2,DLinear,MTT,300,0.0,0.1853775012747774,0.2153165361281794,0.1676957894121551,0.1232708878638209,0.2707501069164283,0.25674965484297,0.9667555689811708,1.1428571428571428,0.7769928310611289,0.3046525893528438
42,ETTm2,DLinear,MTT,300,0.1,0.1853775012747774,0.2066002254639117,0.1530891428393211,0.1195338816959792,0.2436751028255887,0.260005202535799,0.9635944366455078,1.1428571428571428,0.6992935727368523,0.3229652794500346
42,ETTm2,DLinear,MTT,300,0.2,0.1853775012747774,0.2037798121502912,0.1428739954795279,0.1178267746690022,0.2166000730926921,0.2665297430474215,0.9590147137641908,1.1428571428571428,0.6215942354467761,0.3400385572264086
42,ETTm2,DLinear,MTT,300,0.3,0.1853775012747774,0.2171769580560835,0.1384861383159178,0.1188518835576315,0.1895250693592985,0.2758075926324153,0.9530159831047058,1.2857142857142858,0.5438949561902928,0.3560938817373487
42,ETTm2,DLinear,MTT,300,0.5,0.1853775012747774,0.2140602457760597,0.1472728779445852,0.1259569548640618,0.1353750358238165,0.2991371400386599,0.9367629289627076,0.8571428571428571,0.3884963745508923,0.3845356224451133
42,ETTm2,DLinear,MTT,300,0.7,0.1853775012747774,0.1950644890785316,0.1617938310997924,0.1348294459018571,0.0812250165775189,0.3267038073417629,0.9148350358009338,0.0,0.233097838321494,0.4069338003999843
42,ETTm2,DLinear,MTT,300,1.0,0.1853775012747774,0.1958080571028445,0.1801817523469318,0.1438223959789303,1.1094959364705897e-07,0.3770731570477496,0.871303141117096,0.0,1.3318441588248345e-07,0.4288940142005479
123,ETTm2,DLinear,MTT,300,0.0,0.18564707477005543,0.3747691175974172,0.1429010847859765,0.16258100623361618,0.32495223043999394,0.5295487846111537,0.7838948965072632,1.5714285714285714,0.49113175338635257,0.45332262326268014
123,ETTm2,DLinear,MTT,300,0.1,0.18564707477005543,0.3526878796754634,0.14272012275878615,0.16176661369418616,0.29245701012234404,0.5179834295339132,0.7979384064674377,1.5714285714285714,0.4420185662405582,0.4485217656294163
123,ETTm2,DLinear,MTT,300,0.2,0.18564707477005543,0.35356274334207055,0.13909820131898412,0.16103525005980104,0.25996178463103986,0.5126677081344985,0.8108035326004028,1.5714285714285714,0.3929053831520042,0.44607149713740296
123,ETTm2,DLinear,MTT,300,0.3,0.18564707477005543,0.30779604906934965,0.13461569493660017,0.1606455461243507,0.22746656790748257,0.5131939768795902,0.8224903345108032,1.5714285714285714,0.3437922106112511,0.4446002059263606
123,ETTm2,DLinear,MTT,300,0.5,0.18564707477005543,0.27376355706322525,0.1291542698810166,0.1600362158396651,0.16247613347188478,0.5316549916484814,0.8423289060592651,1.2857142857142858,0.24556583894109088,0.4416629100265626
123,ETTm2,DLinear,MTT,300,0.7,0.18564707477005543,0.2633293744540654,0.13632013217832525,0.1597872388380514,0.09748569798563309,0.5498057525728488,0.8574537038803101,1.2857142857142858,0.14733948957289478,0.4364013166199762
123,ETTm2,DLinear,MTT,300,1.0,0.18564707477005543,0.23439874618838724,0.17725433754553482,0.16064709434125996,1.1229404731302364e-07,0.5714918759908484,0.871303141117096,0.0,1.241890244998165e-07,0.42272175921320854
7,weather,DLinear,MTT,300,0.0,0.193373895,0.196710736,0.186933152,0.114833877,0.212228973,1.236244156,0.756474495,0.238095238,0.299941423,0.313906605
7,weather,DLinear,MTT,300,0.1,0.193373895,0.200728849,0.176283383,0.10876537,0.191006081,1.241076558,0.745463192,0.238095238,0.26994728,0.313022666
7,weather,DLinear,MTT,300,0.2,0.193373895,0.197174863,0.167925488,0.105328876,0.169783176,1.245460697,0.738363445,0.19047619,0.239953152,0.311455837
7,weather,DLinear,MTT,300,0.3,0.193373895,0.197055409,0.161099591,0.103486652,0.148560283,1.25128268,0.733790755,0.19047619,0.209959007,0.310092597
7,weather,DLinear,MTT,300,0.5,0.193373895,0.198351544,0.149607925,0.102292714,0.106114495,1.262143584,0.72418052,0.19047619,0.149970731,0.308485587
7,weather,DLinear,MTT,300,0.7,0.193373895,0.203713328,0.140280308,0.103161786,0.063668697,1.273638852,0.724517941,0.19047619,0.089982407,0.308639425
7,weather,DLinear,MTT,300,1.0,0.193373895,0.204591856,0.134989435,0.106707155,9.41e-08,1.29220477,0.713391244,0.0,1.33e-07,0.311635836
42,weather,DLinear,MTT,300,0.0,0.1958539927043902,0.2042491566899621,0.204166739340798,0.1574265599548867,0.2388072440897138,0.5781253984784955,0.68327397108078,0.3333333333333333,0.5047237737324023,0.3952237163327532
42,weather,DLinear,MTT,300,0.1,0.1958539927043902,0.204220255860347,0.1976567514282144,0.1530437448848158,0.214926514670649,0.5722692266414191,0.6814828515052795,0.3333333333333333,0.4542513721712834,0.3876633889348084
42,weather,DLinear,MTT,300,0.2,0.1958539927043902,0.2025159823511076,0.192950861741718,0.1502123831053662,0.1910457912802064,0.5674199789001259,0.6788396835327148,0.2857142857142857,0.4037790167093001,0.3785592336443718
42,weather,DLinear,MTT,300,0.3,0.1958539927043902,0.1989616158912434,0.1885609567467824,0.1473980225981138,0.1671650640581236,0.5622888804477316,0.6761857867240906,0.1904761904761904,0.3533066051466008,0.3690776900766599
42,weather,DLinear,MTT,300,0.5,0.1958539927043902,0.2011964348364747,0.1790577800143977,0.1411415960980619,0.1194036201724721,0.5550308272299315,0.6870991587638855,0.1428571428571428,0.252361851757638,0.3489564088596496
42,weather,DLinear,MTT,300,0.7,0.1958539927043902,0.2063926483270007,0.1681255492823849,0.1343815334461968,0.0716421736797184,0.5492713321939794,0.703423798084259,0.0952380952380952,0.1514171167887823,0.327781277088023
42,weather,DLinear,MTT,300,1.0,0.1958539927043902,0.2069093080237861,0.1508794670544422,0.126111935878365,9.358899953054312e-08,0.5423105135621834,0.7133912444114685,0.0,1.419656969573547e-07,0.2964523234163871
7,ETTh1,MLP,MTT,300,0.0,0.390773174,0.400968705,0.375042986,0.219349995,0.329463148,1.158693621,0.553981185,2.285714286,0.358107391,0.382956456
7,ETTh1,MLP,MTT,300,0.1,0.390773174,0.403905923,0.36114581,0.213441377,0.296516827,1.164962646,0.553785145,2.285714286,0.322296657,0.387054723
7,ETTh1,MLP,MTT,300,0.2,0.390773174,0.410234988,0.345666764,0.207025541,0.263570518,1.173635464,0.55257225,2.285714286,0.286485908,0.391421138
7,ETTh1,MLP,MTT,300,0.3,0.390773174,0.426584107,0.328865135,0.200028098,0.230624191,1.18177319,0.571278632,2.285714286,0.250675152,0.396041867
7,ETTh1,MLP,MTT,300,0.5,0.390773174,0.444439701,0.291561731,0.184719023,0.164731575,1.198820261,0.604783952,2.285714286,0.17905374,0.405946214
7,ETTh1,MLP,MTT,300,0.7,0.390773174,0.467832681,0.250242364,0.169708759,0.098838941,1.218724501,0.628799736,0.142857143,0.107432253,0.416449683
7,ETTh1,MLP,MTT,300,1.0,0.390773174,0.513359088,0.186615604,0.14598107,7.56e-08,1.251241884,0.647030413,0.0,1.04e-07,0.43208123
42,ETTh1,MLP,MTT,300,0.0,0.3963284989753482,0.4145566214187803,0.2833795754375446,0.1602392056808291,0.3560483710279151,0.8707119031773326,0.6686137318611145,2.2857142857142856,0.2892422012417608,0.2661170693867154
42,ETTh1,MLP,MTT,300,0.1,0.3963284989753482,0.4298547895258182,0.2744436373846525,0.1582805339766894,0.320443542819345,0.86156308253781,0.673764705657959,2.2857142857142856,0.2603180034945958,0.2684778600746017
42,ETTh1,MLP,MTT,300,0.2,0.3963284989753482,0.4195996894748371,0.2645961196042253,0.1564701613132318,0.2848386994367464,0.8553861612339109,0.6772913336753845,2.2857142857142856,0.2313937417880707,0.2713498022604736
42,ETTh1,MLP,MTT,300,0.3,0.3963284989753482,0.4288936052585734,0.2543775168371763,0.1544695592899797,0.2492338555187599,0.8487032507034622,0.6791936755180359,0.2857142857142857,0.2024695354544761,0.2747333315976556
42,ETTh1,MLP,MTT,300,0.5,0.3963284989753482,0.4270423879865562,0.2319374423787331,0.1497629219005805,0.1780241937567916,0.8360232541291956,0.6781256794929504,0.2857142857142857,0.1446211064745169,0.2830060363339416
42,ETTh1,MLP,MTT,300,0.7,0.3963284989753482,0.4520723653693703,0.2076644691747459,0.1437582039677236,0.1068145173013628,0.8264434000235281,0.6705604195594788,0.0,0.0867727028614702,0.29311761394238
42,ETTh1,MLP,MTT,300,1.0,0.3963284989753482,0.4564175513398701,0.1707024541096517,0.1338252958068219,6.758634693151222e-08,0.8221953789087321,0.6470304131507874,0.0,4.945529622211215e-08,0.3106319358533122
123,ETTh1,MLP,MTT,300,0.0,0.3949365090455541,0.4904801714488601,0.2777043890000395,0.1408465092913291,0.273247712426476,1.1913106456111535,0.7618699073791504,2.857142857142857,0.3766681475020582,0.3547491367492984
123,ETTh1,MLP,MTT,300,0.1,0.3949365090455541,0.4881974127737591,0.2691577958780646,0.140811619265957,0.245922931750856,1.1869617054378403,0.758682370185852,2.857142857142857,0.3390012919639595,0.3599467160779584
123,ETTh1,MLP,MTT,300,0.2,0.3949365090455541,0.4958959337889848,0.2601238194312011,0.140615526372755,0.2185981636272043,1.1758850381970731,0.7536512017250061,2.857142857142857,0.3013344894643802,0.3632434263482892
123,ETTh1,MLP,MTT,300,0.3,0.3949365090455541,0.4827521522850055,0.2505889860716984,0.1401646088470651,0.1912733980529438,1.1711820691224624,0.7467764616012573,2.857142857142857,0.2636677228159341,0.3649397179644224
123,ETTh1,MLP,MTT,300,0.5,0.3949365090455541,0.5054893146164959,0.230575374709737,0.140349242704639,0.1366238506138897,1.1669509692304365,0.7274957895278931,4.428571428571429,0.1883340666686355,0.3644864099041866
123,ETTh1,MLP,MTT,300,0.7,0.3949365090455541,0.5105099999355314,0.2093392783002704,0.1430535865747255,0.0819743117505773,1.1605117859551082,0.7008405923843384,0.0,0.1130004871988504,0.3601863227302049
123,ETTh1,MLP,MTT,300,1.0,0.3949365090455541,0.5330062411917248,0.1802375465322261,0.1473663924237254,7.160723731602615e-08,1.1482392171845248,0.6470304131507874,0.0,6.316033181957792e-08,0.3491821666849423
7,ETTh2,MLP,MTT,300,0.0,0.312225255,0.369773364,0.288699272,0.178565814,0.268955843,0.615014284,0.848665118,15.0,0.47093099,0.442446373
7,ETTh2,MLP,MTT,300,0.1,0.312225255,0.379621492,0.269323432,0.172108601,0.242060258,0.620824623,0.849053442,12.85714286,0.423837888,0.44789347
7,ETTh2,MLP,MTT,300,0.2,0.312225255,0.368828948,0.249331287,0.166579655,0.215164671,0.62862124,0.848002851,8.571428571,0.376744769,0.452018559
7,ETTh2,MLP,MTT,300,0.3,0.312225255,0.373545161,0.229312585,0.162016196,0.188269086,0.637500936,0.845513761,8.571428571,0.329651685,0.454760987
7,ETTh2,MLP,MTT,300,0.5,0.312225255,0.387334383,0.199830214,0.157333734,0.134477925,0.65901797,0.836219132,4.285714286,0.235465488,0.456103044
7,ETTh2,MLP,MTT,300,0.7,0.312225255,0.401095698,0.186196488,0.156364141,0.080686755,0.68398356,0.821169496,4.285714286,0.141279297,0.452216697
7,ETTh2,MLP,MTT,300,1.0,0.312225255,0.433161389,0.202789386,0.167855695,7.76e-08,0.72823364,0.787804902,0.0,1.02e-07,0.438232397
42,ETTh2,MLP,MTT,300,0.0,0.321088194225429,0.3246748262382403,0.3319747560903012,0.2493191253516039,0.3632799213847142,0.5726186375861417,0.7520407438278198,7.571428571428571,0.3885789514388973,0.3565686029097588
42,ETTh2,MLP,MTT,300,0.1,0.321088194225429,0.3369959568298606,0.3187292177581087,0.2450405771099296,0.3269519209731488,0.5838982953975511,0.7617273330688477,7.571428571428571,0.3497210941980922,0.363470193899804
42,ETTh2,MLP,MTT,300,0.2,0.321088194225429,0.3505461897984156,0.3038847875454555,0.2400771412516042,0.2906239301877246,0.596050474847005,0.7700559496879578,7.571428571428571,0.310863201604334,0.3711394927097204
42,ETTh2,MLP,MTT,300,0.3,0.321088194225429,0.349470358848001,0.2873006590858736,0.2343700815669506,0.2542959456119608,0.6104159278491311,0.7770268321037292,10.857142857142858,0.2720053069310665,0.3796041267587222
42,ETTh2,MLP,MTT,300,0.5,0.321088194225429,0.3849475754360118,0.249761399022589,0.2204779929451921,0.1816399607396441,0.6415616389531967,0.7868952751159668,8.571428571428571,0.1942895009139467,0.3989710469028927
42,ETTh2,MLP,MTT,300,0.7,0.321088194225429,0.3734612600817847,0.2171497036276951,0.2052118207025382,0.1089839764003957,0.6785208177807485,0.7913325428962708,4.285714285714286,0.1165737054595962,0.4214771037971508
42,ETTh2,MLP,MTT,300,1.0,0.321088194225429,0.3612545056639445,0.2099584887788772,0.1944051729851046,6.768683376372113e-08,0.7391233515629398,0.787804901599884,0.0,9.560611619715933e-08,0.4592528822494328
123,ETTh2,MLP,MTT,300,0.0,0.308609285364398,0.3866443882908201,0.1268335591506732,0.1652547345965879,0.3254388478266898,0.7492417971781375,0.5666475892066956,4.285714285714286,0.812488073286488,0.4420381048316835
123,ETTh2,MLP,MTT,300,0.1,0.308609285364398,0.409058150044973,0.1259144981141053,0.1663034233566585,0.2928949425492173,0.7340732059512838,0.5503076910972595,4.285714285714286,0.7312391631108544,0.4445691412099145
123,ETTh2,MLP,MTT,300,0.2,0.308609285364398,0.3903910772162665,0.1251313687965285,0.1673953133280225,0.2603510753781503,0.7198278850674339,0.5551175475120544,2.2857142857142856,0.6499904023990338,0.4470613166536865
123,ETTh2,MLP,MTT,300,0.3,0.308609285364398,0.3940957768326021,0.1241625432336149,0.1684655185814033,0.2278071851490565,0.7073459459148064,0.5931147336959839,2.2857142857142856,0.5687416191693295,0.4492472218551596
123,ETTh2,MLP,MTT,300,0.5,0.308609285364398,0.4237686850692998,0.1239105350075993,0.1713317095009776,0.1627194291742072,0.6867153325173572,0.6614708304405212,2.142857142857143,0.4062439749093547,0.4518146981195975
123,ETTh2,MLP,MTT,300,0.7,0.308609285364398,0.4146857110131364,0.1395339313296028,0.1755159616728974,0.0976316679068211,0.6748183508390319,0.7196425795555115,0.0,0.2437463905898225,0.4507660449030957
123,ETTh2,MLP,MTT,300,1.0,0.308609285364398,0.3825412782652924,0.1972205517109917,0.186965417482428,6.943346709829592e-08,0.6730741360587212,0.787804901599884,0.0,6.8122610404609e-08,0.4393899711335608
7,ETTm1,MLP,MTT,300,0.0,0.339408366,0.650648513,0.390290619,0.135364916,0.325090562,0.546668888,0.856450558,1.428571429,0.475890964,0.25679531
7,ETTm1,MLP,MTT,300,0.1,0.339408366,0.626216975,0.388626182,0.136610231,0.29258151,0.541758677,0.848818123,1.428571429,0.428301887,0.264705825
7,ETTm1,MLP,MTT,300,0.2,0.339408366,0.621463827,0.387278863,0.138179853,0.260072434,0.53833247,0.839635372,0.857142857,0.380712786,0.273435339
7,ETTm1,MLP,MTT,300,0.3,0.339408366,0.611110848,0.385565725,0.139847303,0.227563386,0.535261894,0.828902543,0.857142857,0.333123707,0.282636761
7,ETTm1,MLP,MTT,300,0.5,0.339408366,0.567865998,0.380964589,0.144070179,0.162545282,0.530490659,0.802786171,0.714285714,0.237945508,0.301393983
7,ETTm1,MLP,MTT,300,0.7,0.339408366,0.583374807,0.375988663,0.14830251,0.097527182,0.534767814,0.770469129,0.714285714,0.142767366,0.319284656
7,ETTm1,MLP,MTT,300,1.0,0.339408366,0.564140401,0.372451368,0.156080124,1.05e-07,0.549798799,0.710367084,0.0,1.57e-07,0.342005824
42,ETTm1,MLP,MTT,300,0.0,0.3455774142144185,0.4516637326330273,0.4284049051320207,0.1566839816295623,0.3987867151792623,0.7317628613591717,0.6740216016769409,1.7142857142857142,0.3791620052800962,0.3871168121206412
42,ETTm1,MLP,MTT,300,0.1,0.3455774142144185,0.4355825316872437,0.4252138557857696,0.1552827254000557,0.3589080369813662,0.7116715918816745,0.6838918924331665,0.5714285714285714,0.3412458142948988,0.3919476930932301
42,ETTm1,MLP,MTT,300,0.2,0.3455774142144185,0.4412177160345938,0.421515403886225,0.154112909823737,0.3190293638478153,0.6929041234587283,0.6923764944076538,0.5714285714285714,0.3033295995491322,0.3966220064237399
42,ETTm1,MLP,MTT,300,0.3,0.3455774142144185,0.4584755938542787,0.417297386864414,0.1536385832734777,0.2791506786236313,0.6760466297032666,0.6994753479957581,0.5714285714285714,0.2654133736988001,0.4010784661944387
42,ETTm1,MLP,MTT,300,0.5,0.3455774142144185,0.4313408297683542,0.4071643146700055,0.1532034937047574,0.199393350949672,0.6457814235417894,0.7095159292221069,0.5714285714285714,0.1895810147787184,0.4092256212072702
42,ETTm1,MLP,MTT,300,0.7,0.3455774142144185,0.4405206310951525,0.394975604546517,0.1569976550016457,0.1196359986846301,0.6275925472094279,0.7140135169029236,0.5714285714285714,0.1137485606258998,0.4163681791054386
42,ETTm1,MLP,MTT,300,1.0,0.3455774142144185,0.4597354579093594,0.3743631968082819,0.1659352594031709,1.0016515674115585e-07,0.617022313707282,0.7103670835494995,0.0,1.346739983792279e-07,0.4249406160132262
123,ETTm1,MLP,MTT,300,0.0,0.3415437514416511,0.6060478944213015,0.3669017792001313,0.141303325038426,0.646809951367958,1.1435006513323842,0.7976418137550354,0.7142857142857143,0.5540763085312918,0.3590604803773417
123,ETTm1,MLP,MTT,300,0.1,0.3415437514416511,0.5954368942966681,0.3625811128972495,0.1394178505983326,0.5821289413029256,1.1484882092701896,0.7479001879692078,0.5714285714285714,0.498668682966823,0.3663755367760376
123,ETTm1,MLP,MTT,300,0.2,0.3415437514416511,0.5935038742776139,0.3581660605722946,0.1374203615937513,0.5174479609380251,1.1505237067741276,0.7004367709159851,0.2857142857142857,0.4432610558308805,0.3735703821082423
123,ETTm1,MLP,MTT,300,0.3,0.3415437514416511,0.6204745863238461,0.3537427270265559,0.1354283340157184,0.4527669580809609,1.1547264021157595,0.6552515625953674,0.2857142857142857,0.3878534602067681,0.3805343189239383
123,ETTm1,MLP,MTT,300,0.5,0.3415437514416511,0.5940584905611869,0.3453167716551718,0.1323951486717657,0.3234049808071738,1.1589762624734203,0.5760051012039185,0.1428571428571428,0.2770382495464775,0.3932898460113638
123,ETTm1,MLP,MTT,300,0.7,0.3415437514416511,0.5875098063635977,0.338970033907257,0.1342355743727566,0.1940429839283677,1.165323770943145,0.6297863125801086,0.1428571428571428,0.1662229873189822,0.4036229096301607
123,ETTm1,MLP,MTT,300,1.0,0.3415437514416511,0.585464383807296,0.3368063680765186,0.1438959491962326,1.0497694023353968e-07,1.178003686861046,0.7103670835494995,0.0,1.829288844342808e-07,0.4119362475900025
7,ETTm2,MLP,MTT,300,0.0,0.1798929,0.220346981,0.24151543,0.158274727,0.359994346,0.261502268,0.925635755,1.714285714,0.459212757,0.325329671
7,ETTm2,MLP,MTT,300,0.1,0.1798929,0.220642397,0.234703723,0.15278509,0.32399492,0.269366325,0.923057079,1.714285714,0.413291489,0.325050824
7,ETTm2,MLP,MTT,300,0.2,0.1798929,0.212128711,0.228173822,0.147876996,0.287995471,0.280581417,0.919844151,1.714285714,0.367370202,0.325320513
7,ETTm2,MLP,MTT,300,0.3,0.1798929,0.220100745,0.22203404,0.143640815,0.251996028,0.299135291,0.91599685,1.285714286,0.321448885,0.326247874
7,ETTm2,MLP,MTT,300,0.5,0.1798929,0.212137455,0.209869057,0.136500012,0.17999717,0.352170627,0.906399131,1.285714286,0.229606361,0.330189229
7,ETTm2,MLP,MTT,300,0.7,0.1798929,0.234894505,0.199319035,0.131277517,0.107998315,0.406337918,0.894263804,0.428571429,0.13776383,0.336534811
7,ETTm2,MLP,MTT,300,1.0,0.1798929,0.238976404,0.186946133,0.126028649,1.07e-07,0.488788189,0.871303141,0.0,1.65e-07,0.348547703
42,ETTm2,MLP,MTT,300,0.0,0.1852460501811846,0.2292472133639455,0.2626906090811961,0.1695221987918504,0.2901294579460728,0.1766134434100344,0.9080681204795836,1.7142857142857142,0.3088632001884354,0.438411498147255
42,ETTm2,MLP,MTT,300,0.1,0.1852460501811846,0.2233165789902601,0.2548780436641927,0.1668221925919498,0.2611165218633645,0.1805331592006196,0.9076676964759828,1.7142857142857142,0.2779768812752284,0.4426894915661904
42,ETTm2,MLP,MTT,300,0.2,0.1852460501811846,0.2359150187865115,0.2460362931933767,0.1641082570359334,0.2321035635977058,0.1919784500098527,0.906539261341095,1.7142857142857142,0.2470905569640937,0.4461375266899309
42,ETTm2,MLP,MTT,300,0.3,0.1852460501811846,0.28032806076208,0.2367140875038743,0.161557312409242,0.2030905974115337,0.2072228525755595,0.9046826362609864,1.7142857142857142,0.2162042134559872,0.4488389151552774
42,ETTm2,MLP,MTT,300,0.5,0.1852460501811846,0.3261094067943112,0.218337682198013,0.1575225649729607,0.1450647245799081,0.2454793588190573,0.8987857103347778,1.2857142857142858,0.1544315838570653,0.4523872404248719
42,ETTm2,MLP,MTT,300,0.7,0.1852460501811846,0.2895243246550111,0.2039753828056942,0.1550456818178347,0.087038827248727,0.2922742157160515,0.8899766206741333,0.8571428571428571,0.092658890017076,0.4539547951291452
42,ETTm2,MLP,MTT,300,1.0,0.1852460501811846,0.3373689648905582,0.1995763278048031,0.1554663728187408,1.1039683615428896e-07,0.3693363304509596,0.871303141117096,0.0,1.3069781044946037e-07,0.4531235756031178
123,ETTm2,MLP,MTT,300,0.0,0.1773943914536872,0.4959567363393596,0.2959177655117164,0.148390200482373,0.7964077364294821,1.3850492563522194,0.950534462928772,0.8571428571428571,4.714818552259003,0.1784917296576856
123,ETTm2,MLP,MTT,300,0.1,0.1773943914536872,0.474008733988479,0.2714856813280848,0.1632025415952293,0.7167669273141309,1.3267074604965214,0.8895983695983887,0.4285714285714285,4.243336591065915,0.2254385737162691
123,ETTm2,MLP,MTT,300,0.2,0.1773943914536872,0.5128773409219487,0.2670948145075317,0.1618473498027677,0.6371261911742129,1.2414539239100866,0.8341336250305176,0.4285714285714285,3.771855052047176,0.2313329328396632
123,ETTm2,MLP,MTT,300,0.3,0.1773943914536872,0.4783517618607615,0.2617732314805141,0.1604217919328896,0.5574854137218671,1.168950956173632,0.7841399312019348,0.4285714285714285,3.3003730842873904,0.2361326890954767
123,ETTm2,MLP,MTT,300,0.5,0.1773943914536872,0.4393032061910833,0.2511031950345686,0.1584857688552006,0.3982038731092162,1.0221632771016582,0.7921782732009888,0.4285714285714285,2.3574092563737343,0.2456708684850319
123,ETTm2,MLP,MTT,300,0.7,0.1773943914536872,0.4075345747722019,0.2385974413118129,0.1566904819955803,0.2389223216741214,0.8835551043488498,0.8467131853103638,0.0,1.4144455465227843,0.2566823502257747
123,ETTm2,MLP,MTT,300,1.0,0.1773943914536872,0.4104559708734695,0.1809394691483378,0.1403286126867766,1.1658077353884417e-07,0.6882796065487753,0.871303141117096,0.0,1.4353223787255765e-07,0.2848561737944087
7,weather,MLP,MTT,300,0.0,0.174442719,0.234340315,0.200786008,0.165587594,0.331930322,0.662950255,0.745168984,1.476190476,0.471994055,0.249744825
7,weather,MLP,MTT,300,0.1,0.174442719,0.23048305,0.188393139,0.153759429,0.298737291,0.647147347,0.741072178,1.095238095,0.424794661,0.239987077
7,weather,MLP,MTT,300,0.2,0.174442719,0.221430605,0.177620219,0.143106581,0.265544253,0.63197759,0.743134379,1.095238095,0.377595239,0.233488983
7,weather,MLP,MTT,300,0.3,0.174442719,0.217492701,0.168641105,0.133717775,0.232351216,0.617389215,0.743961036,1.095238095,0.330395838,0.230463235
7,weather,MLP,MTT,300,0.5,0.174442719,0.213697734,0.156405421,0.118592709,0.165965154,0.586878798,0.741718948,0.571428571,0.235997037,0.23061906
7,weather,MLP,MTT,300,0.7,0.174442719,0.20903428,0.149521643,0.108377057,0.09957908,0.558279918,0.734283209,0.142857143,0.141598226,0.234708303
7,weather,MLP,MTT,300,1.0,0.174442719,0.213801483,0.146716044,0.101277508,9.26e-08,0.520240601,0.713391244,0.0,1.39e-07,0.24227325
42,weather,MLP,MTT,300,0.0,0.175995442879,0.2327172703423307,0.1469957596061553,0.1111481697842274,0.2592298501613955,0.5044505646926787,0.6659867167472839,0.7142857142857143,0.3078950621735099,0.2100485045896027
42,weather,MLP,MTT,300,0.1,0.175995442879,0.2369941038729844,0.1455765395945645,0.1092340036652503,0.2333068555703965,0.5024572681861672,0.6687204241752625,0.7619047619047619,0.2771055315564868,0.2052085356107471
42,weather,MLP,MTT,300,0.2,0.175995442879,0.2307539099177117,0.1439427389911508,0.1071818411533175,0.2073838815688237,0.499900255405224,0.6708781123161316,0.7619047619047619,0.2463160547724573,0.2028248389942031
42,weather,MLP,MTT,300,0.3,0.175995442879,0.2334601940362652,0.1421989167513083,0.1049869853204937,0.181460892226748,0.4996883970542151,0.6724597811698914,0.5714285714285714,0.2155265234790371,0.2026212654853266
42,weather,MLP,MTT,300,0.5,0.175995442879,0.2292215264290004,0.1390657425368059,0.1003763052075255,0.1296149226552463,0.5052161266224775,0.6830519437789917,0.2857142857142857,0.1539475122865169,0.2058226912357609
42,weather,MLP,MTT,300,0.7,0.175995442879,0.231584324222564,0.1370672061444443,0.0956131861038369,0.0777689630163057,0.5142443140430513,0.6993687748908997,0.0952380952380952,0.0923685235291964,0.2114553479298135
42,weather,MLP,MTT,300,1.0,0.175995442879,0.2263444750961907,0.1371459139033649,0.0921162917655302,9.126703353928665e-08,0.5345071496925267,0.7133912444114685,0.0,1.3078091604423685e-07,0.2221132410214671
123,weather,MLP,MTT,300,0.0,0.1816482803423683,0.2228948075733632,0.1884707206118046,0.1456005448366073,0.8516188165032894,0.6822097473243373,8.024106979370117,0.8095238095238095,4.103300311105871,0.2154921790570276
123,weather,MLP,MTT,300,0.1,0.1816482803423683,0.2719437255942853,0.1824688607533075,0.140225972684983,0.7664569099777542,0.6550099165076093,6.637310028076172,0.7142857142857143,3.692969852203592,0.2162955196642541
123,weather,MLP,MTT,300,0.2,0.1816482803423683,0.2272278132727029,0.1782032488085373,0.1364629779048979,0.6812950659848594,0.628661314051449,5.392452239990234,0.5714285714285714,3.2826402340295635,0.2185246743501066
123,weather,MLP,MTT,300,0.3,0.1816482803423683,0.2610422992791081,0.174640178214438,0.1336265930351874,0.5961331659938525,0.6027295346185164,4.289071559906006,0.4761904761904761,2.872309784519818,0.2212556481612154
123,weather,MLP,MTT,300,0.5,0.1816482803423683,0.2417824042344592,0.1689335772641784,0.1291320480017424,0.4258094315859855,0.5541942715197399,2.5067455768585205,0.3333333333333333,2.051650144047449,0.226836481402056
123,weather,MLP,MTT,300,0.7,0.1816482803423683,0.2494477042649536,0.1647402735804275,0.1255872388810238,0.2554856794301744,0.5099221644087245,1.29033625125885,0.1904761904761904,1.2309900715351971,0.2316621864691585
123,weather,MLP,MTT,300,1.0,0.1816482803423683,0.2228525844714467,0.1629331296543096,0.1221825462564528,9.269620115109916e-08,0.4350360560104821,0.7133912444114685,0.0,1.355252907231612e-07,0.2375765416366926
